Name,Graduated (Y/N),Birthplace,Birthplace X Coordinate,Birthplace Y Coordinate,Pre-Yale location 1,Pre-Yale Location 1 X Coordinate,Pre-Yale Location 1 Y Coordinate,Year(s) at pre-Yale location 1,Description of pre-Yale location 1,Pre-Yale location 2,Pre-Yale Location 2 X Coordinate,Pre-Yale Location 2 Y Coordinate,Year(s) at pre-Yale location 2,Description of pre-Yale location 2,Pre-Yale location 3,Pre-Yale Location 3 X Coordinate,Pre-Yale Location 3 Y Coordinate,Year(s) at pre-Yale location 3,Description of pre-Yale location 3,Pre-Yale location 4,Pre-Yale Location 4 X Coordinate,Pre-Yale Location 4 Y Coordinate,Year(s) at pre-Yale location 4,Description of pre-Yale location 4,Pre-Yale location 5,Pre-Yale Location 5 X Coordinate,Pre-Yale Location 5 Y Coordinate,Year(s) at pre-Yale location 5,Description of pre-Yale location 5,Pre-Yale location 6,Pre-Yale Location 6 X Coordinate,Pre-Yale Location 6 Y Coordinate,Year(s) at pre-Yale location 6,Description of pre-Yale location 6,Yale Location,Yale X,Yale Y,Year(s) at Yale,Yale Description,Work Location 1,Work Location 1 X Coordinate,Work Location 1 Y Coordinate,Year(s) at Location 1,Description of work Location 1,Work Location 2,Work Location 2 X Coordinate,Work Location 2 Y Coordinate,Year(s) at Location 2,Description of work Location 2,Work Location 3,Work Location 3 X Coordinate,Work Location 3 Y Coordinate,Year(s) at Location 3,Description of work Location 3,Work Location 4,Work Location 4 X Coordinate,Work Location 4 Y Coordinate,Year(s) at Location 4,Description of work Location 4,Work Location 5,Work Location 5 X Coordinate,Work Location 5 Y Coordinate,Year(s) at Location 5,Description of work Location 5,Work Location 6,Work Location 6 X Coordinate,Work Location 6 Y Coordinate,Year(s) at Location 6,Description of work Location 6,Work Location 7,Work Location 7 X Coordinate,Work Location 7 Y Coordinate,Year(s) at Location 7,Description of work Location 7,Work Location 8,Work Location 8 X Coordinate,Work Location 8 Y Coordinate,Year(s) at Location 8,Description of work Location 8,Work Location 9,Work Location 9 X Coordinate,Work Location 9 Y Coordinate,Year(s) at Location 9,Description of work Location 9,Class
Alfred Akerman,Y,"Cartersville, GA",-84.7999,34.1651,"Athens, GA",-83.3576,33.9519,1898,"B.A. Franklin College, University of Georgia (prep Cartersville HS)","Berlin, Germany",13.405,52.52,,Studied at Berlin before entering Yale Forest School,"Tuebingen, Germany",9.0576,48.5216,,Studied at Tuebingen before entering Yale Forest School,,,,,,,,,,,,,,,,"New Haven, CT",-72.9279,41.3083,1900-1902,"Yale Forest School, M.F. degree, Class of 1902","New Haven, CT",-72.9279,41.3083,,"Instructor at the Yale Forest School, forest assistant in the United States Forest Service",[NEEDS REVIEW] Connecticut,-72.6851,41.7637,,"State forester of Connecticut [coords = Hartford, Connecticut state capital]",[NEEDS REVIEW] Massachusetts,-71.0589,42.3601,,"State forester of Massachusetts [coords = Boston, Massachusetts state capital]","Athens, GA",-83.3576,33.9519,1906-,"Professor of forestry, University of Georgia (since July 1, 1906)",,,,,,,,,,,,,,,,,,,,,,,,,,1902 (M.F.)
Charles S. Chapman,Y,"Westbrook, CT",-72.4448,41.2787,"Storrs, CT",-72.2495,41.8084,1898,B.Agr. from Storrs (now Connecticut) Agricultural College (prep Westbrook public schools),,,,,,,,,,,,,,,,,,,,,,,,,,"New Haven, CT",-72.9279,41.3083,1900-1902,"Yale Forest School, M.F. degree, Class of 1902",[NEEDS REVIEW] United States,-98.5795,39.8283,1902-1905,"Forest assistant, United States Forest Service (no city stated)","Charleston, SC",-79.9311,32.7765,1905-1907,"Forester for the E. P. Burton Lumber Company at Charleston, S.C.","[NEEDS REVIEW - RESEARCHED] Portland, OR",-122.6765,45.5152,1907-1908,"Inspector of timber sales in the Forest Service (no city stated; deduced Portland, OR from later Oregon-based career)","[NEEDS REVIEW - RESEARCHED] Portland, OR",-122.6765,45.5152,1908-1909,"Chief of office of organization and assistant forester, operation (no city stated; deduced Portland, OR)","Portland, OR",-122.6765,45.5152,1909-1910,"Forester, District 6 (Washington, Oregon and Alaska)","Portland, OR",-122.6765,45.5152,1910-,"Secretary and manager, Oregon Forest Fire Association, headquarters Portland, Ore.",,,,,,,,,,,,,,,,1902 (M.F.)
Alfred K. Chittenden,Y,"New Haven, CT",-72.9279,41.3083,"New Haven, CT",-72.9279,41.3083,1900,"Hopkins Grammar School; graduated Sheffield Scientific School, Yale (Civil Engineer Course)",,,,,,,,,,,,,,,,,,,,,,,,,,"New Haven, CT",-72.9279,41.3083,1900-1902,"Yale Forest School, M.F. degree, Class of 1902",[NEEDS REVIEW] Germany,13.405,52.52,,"Went abroad seven months to study forest conditions in Germany, Austria, Switzerland, France, England [coords = Berlin, capital of Germany]","Baltimore, MD",-76.6122,39.2904,1907,"Private consulting forestry, firm Chittenden & Patterson","Washington, DC",-77.0369,38.9072,1911-,"Forester, United States Indian Service (appointed Sept 20, 1911)","Urbana, IL",-88.2073,40.1106,,"Director of engineering experiment station, lecturer on timber, University of Illinois",,,,,,,,,,,,,,,,,,,,,,,,,,1902 (M.F.)
George E. Clement,Y,"Vienna, Austria",16.3738,48.2082,"Cambridge, MA",-71.1097,42.3736,1900,B.A. from Harvard University,,,,,,,,,,,,,,,,,,,,,,,,,,"New Haven, CT",-72.9279,41.3083,1900-1902,"Yale Forest School, M.F. degree, Class of 1902","[RESEARCHED] Millinocket, ME",-68.7103,45.6573,,"Forester for the Great Northern Paper Company (mill at Millinocket, ME per Maine Historical Society / Wikipedia)","Boston, MA",-71.0589,42.3601,,"Forester for Fisher & Bryant, consulting foresters",New England,-71.464,43.9654,,"Study of the gypsy moth situation in New England, Forest Service / Bureau of Entomology (multi-state region)",,,,,,,,,,,,,,,,,,,,,,,,,,,,,,,1902 (M.F.)
C. Temple Emmet,Y,"Pelham, NY",-73.8079,40.9098,"Hoboken, NJ",-74.0324,40.7439,1891,"M.E. from Stevens Institute of Technology (prep Bishops College School, Lennoxville, Quebec; Stevens HS)",,,,,,,,,,,,,,,,,,,,,,,,,,"New Haven, CT",-72.9279,41.3083,1900-1902,"Yale Forest School, M.F. degree, Class of 1902","Stony Brook, NY",-73.1418,40.9257,,"Engaged in farming at Stony Brook, Long Island",,,,,,,,,,,,,,,,,,,,,,,,,,,,,,,,,,,,,,,,,1902 (M.F.)
"William C. Hodge, Jr.",Y,"Buffalo, NY",-78.8784,42.8864,"New Haven, CT",-72.9279,41.3083,1899,B.A. at Yale (prep Buffalo High School and Phillips Andover Academy),,,,,,,,,,,,,,,,,,,,,,,,,,"New Haven, CT",-72.9279,41.3083,1900-1902,"Yale Forest School, M.F. degree, Class of 1902",[NEEDS REVIEW] California,-121.4944,38.5816,1908,"Deputy state forester of California [coords = Sacramento, California state capital]","San Francisco, CA",-122.4194,37.7749,1910-,"Re-entered Govt Service; inspector of fire plans under operation, District 5",,,,,,,,,,,,,,,,,,,,,,,,,,,,,,,,,,,,1902 (M.F.)
Ralph S. Hosmer,Y,"Deerfield, MA",-72.6062,42.5448,"Cambridge, MA",-71.1097,42.3736,1891-1895,"Bussey Institution & Lawrence Scientific School, Harvard; B.A.S. 1894 (prep Boston Latin School)","Washington, DC",-77.0369,38.9072,1896-1898,"Assistant, division of soils, U.S. Department of Agriculture",,,,,,,,,,,,,,,,,,,,,"New Haven, CT",-72.9279,41.3083,1900-1902,"Yale Forest School, M.F. degree, Class of 1902","Washington, DC",-77.0369,38.9072,1903,"Chief, section of forest replacement, Bureau of Forestry","Honolulu, HI",-157.8583,21.3069,1903-,"Collaborator Bureau of Forestry/Forest Service; superintendent of forestry, territory of Hawaii",,,,,,,,,,,,,,,,,,,,,,,,,,,,,,,,,,,,1902 (M.F.)
Roy L. Marston,Y,"Skowhegan, ME",-69.7178,44.7654,"Brunswick, ME",-69.9653,43.9145,1899,"B.A. from Bowdoin College (prep Bloomfield Academy, Skowhegan HS)","Skowhegan, ME",-69.7178,44.7654,,In the lumber business for five years before entering the Yale Forest School,,,,,,,,,,,,,,,,,,,,,"New Haven, CT",-72.9279,41.3083,1900-1902,"Yale Forest School, M.F. degree, Class of 1902","New Haven, CT",-72.9279,41.3083,-1906,Taught at the Yale Forest School until April 1906,"West Point, NY",-73.9568,41.3915,1902-,Forester to U.S. Military Academy; charge of forest reservation work since 1902,[NEEDS REVIEW] United States,-98.5795,39.8283,1910-1912,Member of the Tariff Board; investigation of the pulp industry (no city stated),"Skowhegan, ME",-69.7178,44.7654,1910-,"Treasurer and manager of the Coburn Heirs, Inc.",,,,,,,,,,,,,,,,,,,,,,,,,,1902 (M.F.)
George H. Myers,Y,"Cleveland, OH",-81.6944,41.4993,"New Haven, CT",-72.9279,41.3083,1898,"Graduated Yale College (prep Hill School, Pottstown, PA)","Cambridge, MA",-71.1097,42.3736,1898-1899,Studied botany and English at Harvard Graduate School,,,,,,,,,,,,,,,,,,,,,"New Haven, CT",-72.9279,41.3083,1900-1902,"Yale Forest School, M.F. degree, Class of 1902","New York City, NY",-74.006,40.7128,,"Business; member of Graduate Advisory Board of Yale Forest School, lectures on foreign forestry",,,,,,,,,,,,,,,,,,,,,,,,,,,,,,,,,,,,,,,,,1902 (M.F.)
John B. Anderson,Y,"Martin, MI",-85.64,42.535,"Schenectady, NY",-73.9396,42.8142,1896,Ph.B. at Union College,,,,,,,,,,,,,,,,,,,,,,,,,,"New Haven, CT",-72.9279,41.3083,1901-1903,"Yale Forest School, M.F. degree, Class of 1903","Black Mountain, NC",-82.3215,35.6179,,Manager of a sawmill and cannery (located there last few years),,,,,,,,,,,,,,,,,,,,,,,,,,,,,,,,,,,,,,,,,1903 (M.F.)
Edward A. Braniff,Y,"Houtzdale, PA",-78.3528,40.8267,"Kansas City, MO",-94.5786,39.0997,,"Central High School, Kansas City","Kansas City, MO",-94.5786,39.0997,,Newspaper writer for the Kansas City Star,,,,,,,,,,,,,,,,,,,,,"New Haven, CT",-72.9279,41.3083,1901-1903,"Yale Forest School, M.F. degree, Class of 1903","Kansas City, MO",-94.5786,39.0997,,"Manager, bond dept of Merrell & Braniff; then manager (W. Missouri/Oklahoma/Kansas) for Fidelity & Deposit Company of Maryland",,,,,,,,,,,,,,,,,,,,,,,,,,,,,,,,,,,,,,,,,1903 (M.F.)
George L. Clothier,Y,"Walkersville, WV",-80.487,38.887,"Manhattan, KS",-96.5717,39.1836,1892,B.S. from Kansas State Agricultural College,"Manhattan, KS",-96.5717,39.1836,1895-1899,"Postgraduate student & assistant in botany, Kansas State Agricultural College; M.S. 1899",,,,,,,,,,,,,,,,,,,,,"New Haven, CT",-72.9279,41.3083,1901-1903,"Yale Forest School, M.F. degree, Class of 1903",[NEEDS REVIEW] Mississippi,-90.1848,32.2988,1905-1911,"Professor of botany/forestry, Mississippi Agricultural and Mechanical College [coords = Jackson, Mississippi state capital]","Pullman, WA",-117.1817,46.7313,1911-,"Professor of forestry, State College of Washington",,,,,,,,,,,,,,,,,,,,,,,,,,,,,,,,,,,,1903 (M.F.)
Albert W. Cooper,Y,"Denver, CO",-104.9903,39.7392,"Boston, MA",-71.0589,42.3601,,Roxbury Latin School,"Cambridge, MA",-71.1097,42.3736,1901,B.A. at Harvard,,,,,,,,,,,,,,,,,,,,,"New Haven, CT",-72.9279,41.3083,1901-1903,"Yale Forest School, M.F. degree, Class of 1903",[NEEDS REVIEW] Minnesota,-93.09,44.9537,,"USFS working plans in Minnesota and Texas [coords = Saint Paul, Minnesota state capital]",[NEEDS REVIEW] California,-121.4944,38.5816,,"USFS commercial plans in California [coords = Sacramento, California state capital]",[NEEDS REVIEW] United States,-98.5795,39.8283,,"Superintendent of woodlands, Delaware & Hudson Railroad Company (no city)","Spokane, WA",-117.426,47.6588,1910-,"Secretary, Western Pine Manufacturers Association",,,,,,,,,,,,,,,,,,,,,,,,,,1903 (M.F.)
Richard T. Fisher,Y,"Brooklyn, NY",-73.9442,40.6782,"Chicago, IL",-87.6298,41.8781,,"Harvard School, Chicago","Cambridge, MA",-71.1097,42.3736,1898,B.A. at Harvard,"Cambridge, MA",-71.1097,42.3736,1898,"Field agent, U.S. Biological Survey (summer 1898)","Cambridge, MA",-71.1097,42.3736,1898-1899,"Assistant in English, Harvard College",,,,,,,,,,,"New Haven, CT",-72.9279,41.3083,1901-1903,"Yale Forest School, M.F. degree, Class of 1903","Cambridge, MA",-71.1097,42.3736,1903-,"Instructor (1903), then assistant professor of forestry, Harvard University","Boston, MA",-71.0589,42.3601,1907-,"Member of firm Fisher, Cory & Bryant (now Fisher, Olmsted & Bryant), consulting foresters",,,,,,,,,,,,,,,,,,,,,,,,,,,,,,,,,,,,1903 (M.F.)
Wesley J. Gardner,Y,"Plainfield, NJ",-74.4074,40.6337,"Helena, MT",-112.0391,46.5891,,Helena High School (and private tutors),"Cambridge, MA",-71.1097,42.3736,1900,B.A. cum laude at Harvard,,,,,,,,,,,,,,,,,,,,,"New Haven, CT",-72.9279,41.3083,1901-1903,"Yale Forest School, M.F. degree, Class of 1903",[NEEDS REVIEW] California,-121.4944,38.5816,1903-1906,"Forest assistant, USFS; reforestation in CA, ID, MT, CO, OK national forest reserves [coords = Sacramento, first-listed state California]",,,,,,,,,,,,,,,,,,,,,,,,,,,,,,,,,,,,,,,,,"1903 (M.F., deceased 1906)"
Austin F. Hawes,Y,"Danvers, MA",-70.93,42.5751,"Somerville, MA",-71.0995,42.3876,,Somerville Latin School,"Medford, MA",-71.1062,42.4184,1901,B.A. at Tufts College,,,,,,,,,,,,,,,,,,,,,"New Haven, CT",-72.9279,41.3083,1901-1903,"Yale Forest School, M.F. degree, Class of 1903",[NEEDS REVIEW] Connecticut,-72.6851,41.7637,1904-1909,"State forester of Connecticut [coords = Hartford, Connecticut state capital]","Burlington, VT",-73.2121,44.4759,1909-,"State forester of Vermont; professor of forestry, University of Vermont",,,,,,,,,,,,,,,,,,,,,,,,,,,,,,,,,,,,1903 (M.F.)
Wallace I. Hutchinson,Y,"Wolfville, NS, Canada",-64.3641,45.0917,"Wolfville, NS, Canada",-64.3641,45.0917,,"Horton Collegiate Academy, Wolfville","Wolfville, NS, Canada",-64.3641,45.0917,1901,B.A. from Acadia University,,,,,,,,,,,,,,,,,,,,,"New Haven, CT",-72.9279,41.3083,1901-1903,"Yale Forest School, M.F. degree, Class of 1903",[NEEDS REVIEW] California,-121.4944,38.5816,1903-1905,"Forest agent, USFS; served in CA, NE, NC, NJ, PA [coords = Sacramento, first-listed state California]",Philippines,120.9842,14.5995,1905-1909,"Forester, Philippine Bureau of Forestry, southern district (Mindanao/Jolo) [coords = Manila, capital of Philippines]","Denver, CO",-104.9903,39.7392,1909-,"Forest assistant, Pike National Forest, Colorado",,,,,,,,,,,,,,,,,,,,,,,,,,,,,,,1903 (M.F.)
Elers Koch,Y,"Bozeman, MT",-111.0429,45.677,"Bozeman, MT",-111.0429,45.677,,Bozeman High School,Washington,-120.7401,47.7511,1899,"Student assistant, USFS, in the state of Washington (summer 1899) [coords = Olympia, Washington state capital]","Bozeman, MT",-111.0429,45.677,1901,B.S. from Montana State College of Agriculture and Mechanic Arts,,,,,,,,,,,,,,,,"New Haven, CT",-72.9279,41.3083,1901-1903,"Yale Forest School, M.F. degree, Class of 1903",[NEEDS REVIEW] California,-121.4944,38.5816,1903-1904,"Forest assistant, boundary work in CA, MT, WY [coords = Sacramento, first-listed state California]",[NEEDS REVIEW] Montana,-112.0391,46.5891,1905-1906,"Forest inspector in Montana and Wyoming [coords = Helena, first-listed state Montana]","Missoula, MT",-113.994,46.8721,1907-,"Supervisor, Lolo National Forest",,,,,,,,,,,,,,,,,,,,,,,,,,,,,,,1903 (M.F.)
Francis G. Miller,Y,"Lanark, IL",-89.839,42.1028,"Cedar Falls, IA",-92.4455,42.5278,1893,"Bachelor of Didactics, Iowa State Teachers College",[NEEDS REVIEW] Iowa,-93.6091,41.5868,1893-1899,"Superintendent of city schools in Iowa [coords = Des Moines, Iowa state capital]","Iowa City, IA",-91.5302,41.6611,1900,Ph.B. from the University of Iowa,"Ames, IA",-93.625,42.0308,1901,B.S.A. from Iowa State College of Agriculture and Mechanic Arts,,,,,,,,,,,"New Haven, CT",-72.9279,41.3083,1901-1903,"Yale Forest School, M.F. degree, Class of 1903","Lincoln, NE",-96.7026,40.8136,1903-1907,"Professor of forestry, University of Nebraska","Seattle, WA",-122.3321,47.6062,1907-1912,"Dean, School of Forestry, University of Washington","Wenatchee, WA",-120.3103,47.4235,1912-,"Manager, Wenatchee Columbia Fruit Company",,,,,,,,,,,,,,,,,,,,,,,,,,,,,,,1903 (M.F.)
Ellie J. S. Moore,Y,"Bozeman, MT",-111.0429,45.677,"Bozeman, MT",-111.0429,45.677,1901,B.S. from Montana State College,,,,,,,,,,,,,,,,,,,,,,,,,,"New Haven, CT",-72.9279,41.3083,1901-1903,"Yale Forest School, M.F. degree, Class of 1903",[NEEDS REVIEW] Montana,-112.0391,46.5891,,"Principally engaged in ranching (home address Bozeman, Mont.) [coords = Helena, Montana state capital]",,,,,,,,,,,,,,,,,,,,,,,,,,,,,,,,,,,,,,,,,1903 (M.F.)
J. Girvin Peters,Y,"Baltimore, MD",-76.6122,39.2904,"Baltimore, MD",-76.6122,39.2904,,"Marston's University School, Baltimore","Baltimore, MD",-76.6122,39.2904,1900,B.A. from Johns Hopkins University,"The Dalles, OR",-121.1787,45.5946,,"Lumber business: Joseph T. Peters & Co. (The Dalles) and Bridal Veil Lumbering Co. (Bridal Veil), Oregon",,,,,,,,,,,,,,,,"New Haven, CT",-72.9279,41.3083,1901-1903,"Yale Forest School, M.F. degree, Class of 1903","Washington, DC",-77.0369,38.9072,1903,"Forest assistant, United States Forest Service (Washington, D.C., per his D.C.-based career)","Washington, DC",-77.0369,38.9072,1908,"Forest examiner, United States Forest Service (business address Forest Service, Washington, D.C.)","Washington, DC",-77.0369,38.9072,1911,"Chief of state cooperation, United States Forest Service",,,,,,,,,,,,,,,,,,,,,,,,,,,,,,,1903 (M.F.)
Samuel N. Spring,Y,"Sioux City, IA",-96.4003,42.4999,"Le Mars, IA",-96.1664,42.7941,,"Local schools, Le Mars; Hull Academy, Hull, Iowa","New Haven, CT",-72.9279,41.3083,1898,Graduated from Yale,"Chicago, IL",-87.6298,41.8781,1898-1901,"J. V. Farwell & Company, wholesale drygoods","Washington, DC",-77.0369,38.9072,1902-1903,"Student then field assistant, Bureau of Forestry, USDA",,,,,,,,,,,"New Haven, CT",-72.9279,41.3083,1901-1903,"Yale Forest School, M.F. degree, Class of 1903","Orono, ME",-68.6722,44.8834,1903-1905,"Professor of forestry, University of Maine","Washington, DC",-77.0369,38.9072,1909,"Private practice of forestry, Washington, D.C.","New Haven, CT",-72.9279,41.3083,1909-1912,"State forester of Connecticut; forester, Connecticut Agricultural Experiment Station, New Haven","Ithaca, NY",-76.5019,42.444,1912-,"Professor of forestry, New York State College of Agriculture, Cornell University",,,,,,,,,,,,,,,,,,,,,,,,,,1903 (M.F.)
William D. Sterrett,Y,"Bedford, PA",-78.5042,40.0187,"Washington, DC",-77.0369,38.9072,,"Columbian Academy, Washington","Washington, DC",-77.0369,38.9072,1900,B.A. from George Washington University,"Cambridge, MA",-71.1097,42.3736,1901,B.A. from Harvard,,,,,,,,,,,,,,,,"New Haven, CT",-72.9279,41.3083,1901-1903,"Yale Forest School, M.F. degree, Class of 1903",[NEEDS REVIEW] Germany,13.405,52.52,1904,"Studied forestry in Germany, Switzerland, Austria, France [coords = Berlin, first-listed country Germany]","Chihuahua, Mexico",-106.0691,28.6353,1908,"Cruised 500,000-acre timber tract for the Development Company of America",Philippines,120.9842,14.5995,1908-1910,"Forester to the Philippine Islands, Bureau of Forestry [coords = Manila, capital of Philippines]","Washington, DC",-77.0369,38.9072,1910-,"Forest assistant, USFS, Washington, D.C.",,,,,,,,,,,,,,,,,,,,,,,,,,1903 (M.F.)
Henry G. Stevens,Y,"Detroit, MI",-83.0458,42.3314,"Ojai, CA",-119.2529,34.448,,"Thacher School, Nordhoff (now Ojai), Calif.","New Haven, CT",-72.9279,41.3083,1902,"Graduated from Sheffield Scientific School, Yale",,,,,,,,,,,,,,,,,,,,,"New Haven, CT",-72.9279,41.3083,1901-1903,"Yale Forest School, M.F. degree, Class of 1903",[NEEDS REVIEW] Germany,13.405,52.52,1903-1905,Traveled two years in Europe and India studying forestry [coords = Berlin; multi-region travel],"Detroit, MI",-83.0458,42.3314,1905-,H. W. Noble & Company (bankers); Bumpus-Stevens Company; Stevens Land Company (real estate),,,,,,,,,,,,,,,,,,,,,,,,,,,,,,,,,,,,1903 (M.F.)
Harry D. Tiemann,Y,"Brooklyn, NY",-73.9442,40.6782,"New York City, NY",-74.006,40.7128,,Froebel Normal Institute; Pratt Institute High School,"Hoboken, NJ",-74.0324,40.7439,1897,M.E. from Stevens Institute of Technology,"Philadelphia, PA",-75.1652,39.9526,,Taught chemistry at Pratt Institute and mechanical engineering at University of Pennsylvania,,,,,,,,,,,,,,,,"New Haven, CT",-72.9279,41.3083,1901-1903,"Yale Forest School, M.F. degree, Class of 1903","New Haven, CT",-72.9279,41.3083,1903-1909,"Charge of the Yale Timber Testing Laboratory, USFS","Washington, DC",-77.0369,38.9072,1909-1910,"USFS headquarters, Washington, D.C.","Madison, WI",-89.4012,43.0731,1910-,"Chief, section of timber physics, Forest Products Laboratory; lecturing at University of Wisconsin",,,,,,,,,,,,,,,,,,,,,,,,,,,,,,,1903 (M.F.)
"Theodore S. Woolsey, Jr.",Y,"New Haven, CT",-72.9279,41.3083,"Southborough, MA",-71.5245,42.3056,,"St. Mark's School, Southboro","Pomfret, CT",-71.9637,41.8973,,"Pomfret School, Pomfret; the Fay School","New Haven, CT",-72.9279,41.3083,1901,Graduated from Yale,,,,,,,,,,,,,,,,"New Haven, CT",-72.9279,41.3083,1901-1903,"Yale Forest School, M.F. degree, Class of 1903",[NEEDS REVIEW] Germany,13.405,52.52,1904-1905,"Studied government forestry in Germany, France, India [coords = Berlin, first-listed country Germany]","Albuquerque, NM",-106.6504,35.0844,1907-,"Forest assistant/inspector, then assistant district forester, District 3, USFS",,,,,,,,,,,,,,,,,,,,,,,,,,,,,,,,,,,,1903 (M.F.)
Carl G. Crawford,N,"Newark, OH",-82.4013,40.0581,"Delaware, OH",-83.068,40.2987,1898,B.S. from Ohio Wesleyan University,"Ashland, OH",-82.3182,40.8689,,Teacher in public schools and at Ashland College,,,,,,,,,,,,,,,,,,,,,"New Haven, CT",-72.9279,41.3083,,"Yale Forest School (non-graduate), Class of 1903","Louisville, KY",-85.7585,38.2527,,"Forest assistant USFS; later general superintendent then general manager, American Creosoting Company, Louisville",,,,,,,,,,,,,,,,,,,,,,,,,,,,,,,,,,,,,,,,,1903 (Non-Graduate)
Samuel B. Detwiler,N,"Oaks, PA",-75.4577,40.1304,"Phoenixville, PA",-75.5149,40.1304,,Country school; Phoenixville (Pa.) High School (grew up on a farm; 2 yrs office/shop experience),"Minneapolis, MN",-93.265,44.9778,1906,B.S. in forestry from the University of Minnesota,,,,,,,,,,,,,,,,,,,,,"New Haven, CT",-72.9279,41.3083,,"Yale Forest School (non-graduate), Class of 1903","Minneapolis, MN",-93.265,44.9778,1907-1908,"Assistant professor of forestry, University of Minnesota","Red Wing, MN",-92.5338,44.5625,1908-1911,"Forester and woods superintendent, Forest Products Company","Philadelphia, PA",-75.1652,39.9526,1911-,"Executive officer/general superintendent, Pennsylvania Chestnut Tree Blight Commission",,,,,,,,,,,,,,,,,,,,,,,,,,,,,,,1903 (Non-Graduate)
George Griswold,N,,,,"New Haven, CT",-72.9279,41.3083,1894-1895,Attended the Sheffield Scientific School,,,,,,,,,,,,,,,,,,,,,,,,,,"New Haven, CT",-72.9279,41.3083,1901-1902,"Yale Forest School (non-graduate), Class of 1903","Lyme, CT",-72.3398,41.3209,,"No information received (residence Lyme, Conn.)",,,,,,,,,,,,,,,,,,,,,,,,,,,,,,,,,,,,,,,,,1903 (Non-Graduate)
Frank C. Hinckley,N,,,,,,,,,,,,,,,,,,,,,,,,,,,,,,,,,,"New Haven, CT",-72.9279,41.3083,,"Yale Forest School (non-graduate), Class of 1903","Bangor, ME",-68.7712,44.8016,,"Forester and surveyor in Bangor, Maine",,,,,,,,,,,,,,,,,,,,,,,,,,,,,,,,,,,,,,,,,1903 (Non-Graduate)
Felix R. Holt,N,"Washington, DC",-77.0369,38.9072,"Washington, DC",-77.0369,38.9072,,"Friends' School, Washington, D.C.","Westminster, MD",-76.9958,39.5754,1901,B.A. from Western Maryland College,,,,,,,,,,,,,,,,,,,,,"New Haven, CT",-72.9279,41.3083,,"Yale Forest School (non-graduate), Class of 1903","Norfolk, VA",-76.2859,36.8508,1912-,"Paymaster, U.S. Navy, Navy Yard, Norfolk (previously stationed Philippines, Manchuria, China)",,,,,,,,,,,,,,,,,,,,,,,,,,,,,,,,,,,,,,,,,1903 (Non-Graduate)
John Appleton,Y,"Bangor, ME",-68.7712,44.8016,"Lakeville, CT",-73.4376,41.9612,,Prepared at Hotchkiss School,"Brunswick, ME",-69.9653,43.9145,1902,B.A. at Bowdoin College,,,,,,,,,,,,,,,,,,,,,"New Haven, CT",-72.9279,41.3083,1902-1904,"Yale Forest School, M.F. degree, Class of 1904",[NEEDS REVIEW] United States,-98.5795,39.8283,1904-,"Bureau of Forestry, division of forest products (experimental work; no city stated)","Bangor, ME",-68.7712,44.8016,1906,Consulting forester in private work,,,,,,,,,,,,,,,,,,,,,,,,,,,,,,,,,,,,1904 (M.F.)
Robert W. Ayres,Y,"Cincinnati, OH",-84.512,39.1031,"Cincinnati, OH",-84.512,39.1031,,Franklin School,"New Haven, CT",-72.9279,41.3083,1903,"Graduated Sheffield Scientific School, Yale",,,,,,,,,,,,,,,,,,,,,"New Haven, CT",-72.9279,41.3083,1902-1904,"Yale Forest School, M.F. degree, Class of 1904","St. Louis, MO",-90.1994,38.627,1904-1905,"Division of Forest Products, Forest Service",[NEEDS REVIEW] California,-121.4944,38.5816,1905,"Experimental work, Division of Forest Products [coords = Sacramento, California state capital]",[NEEDS REVIEW] California,-121.4944,38.5816,1906-1907,"Forest reserve work; examination of land for national forest purposes (no city) [coords = Sacramento, California state capital]","Sonora, CA",-120.3822,37.9841,1907-,"Stanislaus National Forest; forest assistant, in charge 1908, supervisor 1909",,,,,,,,,,,,,,,,,,,,,,,,,,1904 (M.F.)
Hugh P. Baker,Y,"St. Croix Falls, WI",-92.636,45.408,"St. Paul, MN",-93.09,44.9537,,Preparatory Department of Macalester College,"St. Paul, MN",-93.09,44.9537,1895-1897,Taught district school (2 yrs); worked in real estate office and lumber yard (3 summers),"East Lansing, MI",-84.4839,42.737,1901,B.S. from Michigan Agricultural College,"Lincoln, NE",-96.7026,40.8136,1901,"Division of Forestry, W. Nebraska/E. Wyoming, Sand Hill Reserves work","Lancaster County, VA",-76.4194,37.7035,1901,Study of Landreth Seed Company plantations,"Munich, Germany",11.582,48.1351,1910,"Doctor of Economics, University of Munich","New Haven, CT",-72.9279,41.3083,1902-1904,"Yale Forest School, M.F. degree, Class of 1904","Portland, OR",-122.6765,45.5152,1902,"Charge of party studying sand dunes along Columbia River, USFS/Oregon Short Line","Ames, IA",-93.625,42.0308,1904-1907,"Assistant/associate professor in charge of forestry, Iowa State College",[NEEDS REVIEW] New Mexico,-105.9378,35.687,1906,"Laid out nursery sites at ranger headquarters (no city) [coords = Santa Fe, New Mexico state capital]","State College, PA",-77.86,40.7934,1907-1912,"Professor of forestry, Pennsylvania State College","Syracuse, NY",-76.1474,43.0481,1912-,"Dean and professor of silviculture, New York State College of Forestry",,,,,,,,,,,,,,,,,,,,,1904 (M.F.)
William H. von Bayer,Y,"Washington, DC",-77.0369,38.9072,"Washington, DC",-77.0369,38.9072,,"Public and high schools, Washington, D.C.","Strasbourg, France",7.7521,48.5734,1899-1900,Attended University of Strassburg,"Ithaca, NY",-76.5019,42.444,1904,B.A. from Cornell University,,,,,,,,,,,,,,,,"New Haven, CT",-72.9279,41.3083,1902-1904,"Yale Forest School, M.F. degree, Class of 1904","Washington, DC",-77.0369,38.9072,1904-1907,"Forest assistant, United States Forest Service (Washington, D.C., per location of his later D.C.-headquartered roles)","Washington, DC",-77.0369,38.9072,1908-1910,"Chief of Section E of reconnaissance, United States Forest Service (Washington, D.C.)","Washington, DC",-77.0369,38.9072,1910-1912,"Forest assistant, United States Indian Service (Washington, D.C.)","Washington, DC",-77.0369,38.9072,1912-,"Forest examiner at large, United States Indian Service (headquarters Washington, D.C.)",,,,,,,,,,,,,,,,,,,,,,,,,,1904 (M.F.)
Fred W. Besley,Y,"Vienna, VA",-77.2653,38.9012,"College Park, MD",-76.9369,38.9897,1892,B.A. from Maryland Agricultural College,[NEEDS REVIEW] Virginia,-77.436,37.5407,,"Taught public schools of Virginia [coords = Richmond, Virginia state capital]","Fairfax, VA",-77.3064,38.8462,,"Deputy treasurer of Fairfax County, Va.","Washington, DC",-77.0369,38.9072,1901-1903,Forest student in the Forest Service,,,,,,,,,,,"New Haven, CT",-72.9279,41.3083,1903-1904,"Yale Forest School, M.F.; entered January 1903","Halsey, NE",-100.2618,41.8983,,"Superintendent of forest nursery and planting, USFS (also Pikes Peak Forest Reserve)",[NEEDS REVIEW] Colorado,-104.9903,39.7392,,"Lectured on forest planting at Farmers Institutes in Colorado [coords = Denver, Colorado state capital]","Baltimore, MD",-76.6122,39.2904,1906-,"State forester of Maryland, Maryland State Board of Forestry (since June 25, 1906)",,,,,,,,,,,,,,,,,,,,,,,,,,,,,,,1904 (M.F.)
John H. Bridges,Y,"Rose Hill, AL",-86.2122,31.6066,[NEEDS REVIEW] Alabama,-86.3,32.3668,,"Common schools of Alabama [coords = Montgomery, Alabama state capital]","Bartow, FL",-81.8431,27.8964,,Bartow High School,"Bartow, FL",-81.8431,27.8964,,Southern Florida Military Institute,"Lake City, FL",-82.6393,30.1897,1902,B.S. from Florida Agricultural College,,,,,,,,,,,"New Haven, CT",-72.9279,41.3083,1902-1904,"Yale Forest School, M.F. degree, Class of 1904",[NEEDS REVIEW] Philippines,120.9842,14.5995,,"Assistant forester in the Philippines [coords = Manila, capital of Philippines]","Tacoma, WA",-122.4443,47.2529,1908-,Forester to the Weyerhaeuser Timber Company,,,,,,,,,,,,,,,,,,,,,,,,,,,,,,,,,,,,1904 (M.F.)
Horatio J. Brown,Y,"Schenectady, NY",-73.9396,42.8142,"Schenectady, NY",-73.9396,42.8142,,Union Classical Institute (now Schenectady High School),"Schenectady, NY",-73.9396,42.8142,1901,B.A. from Union College,,,,,,,,,,,,,,,,,,,,,"New Haven, CT",-72.9279,41.3083,1902-1904,"Yale Forest School, M.F. degree, Class of 1904","[RESEARCHED] Chicago, IL",-87.6298,41.8781,1907-1909,Timber lands firm of James D. Lacey & Company (HQ Chicago per Forest History Society records),"Portland, OR",-122.6765,45.5152,1910-,"Secretary and treasurer, Brown & Brown, Inc., timber lands",,,,,,,,,,,,,,,,,,,,,,,,,,,,,,,,,,,,1904 (M.F.)
Edward E. Carter,Y,"Bath, ME",-69.8147,43.9109,"Bath, ME",-69.8147,43.9109,,Bath (Maine) High School,"Brunswick, ME",-69.9653,43.9145,1902,B.A. at Bowdoin College,,,,,,,,,,,,,,,,,,,,,"New Haven, CT",-72.9279,41.3083,1902-1904,"Yale Forest School, M.F. degree, Class of 1904","New Haven, CT",-72.9279,41.3083,1904,Assistant in the Yale Forest School (June-Sept 1904),"Cambridge, MA",-71.1097,42.3736,1904-1905,Instructor in the Harvard Forest School,"Petersham, MA",-72.187,42.4917,1910-,"Assistant professor of forestry, Harvard Forest School",,,,,,,,,,,,,,,,,,,,,,,,,,,,,,,1904 (M.F.)
Herman H. Chapman,Y,"Cambridge, MA",-71.1097,42.3736,"Minneapolis, MN",-93.265,44.9778,1896-1899,"B.Sc. (1896) and B.Agr. (1899), University of Minnesota","Grand Rapids, MN",-93.5302,47.2372,,"Superintendent, Agricultural Experiment Station, Grand Rapids, Minn.",,,,,,,,,,,,,,,,,,,,,"New Haven, CT",-72.9279,41.3083,1902-1904,"Yale Forest School, M.F. degree, Class of 1904","New Haven, CT",-72.9279,41.3083,1906-,"Instructor, then assistant professor, then Harriman professor of forest management, Yale Forest School",,,,,,,,,,,,,,,,,,,,,,,,,,,,,,,,,,,,,,,,,1904 (M.F.)
Horace W. Chittenden,Y,"Washington, DC",-77.0369,38.9072,"Washington, DC",-77.0369,38.9072,,Columbian Preparatory School,"New Haven, CT",-72.9279,41.3083,1903,"Graduated Sheffield Scientific School, Yale",,,,,,,,,,,,,,,,,,,,,"New Haven, CT",-72.9279,41.3083,1902-1904,"Yale Forest School, M.F. degree, Class of 1904",[NEEDS REVIEW] Tennessee,-86.7816,36.1627,1904,"United States Forest Service, worked in Tennessee, Georgia, Washington D.C. [coords = Nashville, Tennessee state capital]",[NEEDS REVIEW] Arizona,-112.074,33.4484,1905,"Saddle Mountain Mining Company [coords = Phoenix, Arizona state capital]","Cananea, Mexico",-110.3007,30.9803,1907-1909,Greene Cananea Company; Copper Queen Consolidated Mining Co.,"Wilkes-Barre, PA",-75.8813,41.2459,1909-1910,"Lehigh Valley Coal Company, mining engineering department","Pottsville, PA",-76.1555,40.6856,1910-1912,"Lehigh Valley Coal Company, mechanical engineering, construction work","Buffalo, NY",-78.8784,42.8864,1912-,"Mechanical engineer, Lehigh Valley Coal Sales Company",,,,,,,,,,,,,,,,1904 (M.F.)
Harold B. Eastman,Y,"Portland, ME",-70.2553,43.6591,[NEEDS REVIEW] Maine,-69.7795,44.3106,,"Deming High School [coords = Augusta, Maine state capital; city unconfirmed]","Kents Hill, ME",-70.0712,44.4259,,"Maine Wesleyan Seminary (Kents Hill, ME)","Brunswick, ME",-69.9653,43.9145,1902,B.S. from Bowdoin College,,,,,,,,,,,,,,,,"New Haven, CT",-72.9279,41.3083,1902-1904,"Yale Forest School, M.F. degree, Class of 1904","[NEEDS REVIEW - RESEARCHED] Van Buren, ME",-67.9417,47.1581,1908-1909,"St. John Lumber Company (Aroostook Co., Maine river operation; city uncertain, ~Van Buren)","Portland, ME",-70.2553,43.6591,1909-,"Vice president and buyer, Eastman Brothers & Bancroft",,,,,,,,,,,,,,,,,,,,,,,,,,,,,,,,,,,,1904 (M.F.)
Stuart J. Flintham,Y,"Albion, NY",-78.1939,43.2459,"Albion, NY",-78.1939,43.2459,,Albion (N.Y.) High School,"Williamstown, MA",-73.2037,42.7118,1899-1901,Studied at Williams College,"Ithaca, NY",-76.5019,42.444,1901-1903,Cornell Forest School,"Ithaca, NY",-76.5019,42.444,1904,B.A. from Cornell University,,,,,,,,,,,"New Haven, CT",-72.9279,41.3083,1902-1904,"Yale Forest School, M.F. degree, Class of 1904",[NEEDS REVIEW] California,-121.4944,38.5816,1904-1908,"United States Forest Service; forest inspector of California (no city) [coords = Sacramento, California state capital]",[NEEDS REVIEW] United States,-98.5795,39.8283,1908-1911,Forester and vice president of a forest planting concern (no city),"Los Angeles, CA",-118.2437,34.0522,1911-,"Real estate business; forester of Los Angeles County, California",,,,,,,,,,,,,,,,,,,,,,,,,,,,,,,1904 (M.F.)
Harold D. Foster,Y,"Jersey City, NJ",-74.0776,40.7282,"Boston, MA",-71.0589,42.3601,,Roxbury Latin School,"Newton, MA",-71.2092,42.337,,Newton (Mass.) High School,"Williamstown, MA",-73.2037,42.7118,1902,B.A. from Williams College,,,,,,,,,,,,,,,,"New Haven, CT",-72.9279,41.3083,1902-1904,"Yale Forest School, M.F. degree, Class of 1904",Southern Appalachians,-83.5,35.5,,First assignment as forest assistant; silvical data and logging studies,"Washington, DC",-77.0369,38.9072,,"One year detail in the Washington office, USFS","Portland, OR",-122.6765,45.5152,,District office detail; Wenaha & Whitman National Forests (WA/OR),"Medford, OR",-122.8756,42.3265,,"Acting supervisor, Crater National Forest; forest assistant USFS since 1904",,,,,,,,,,,,,,,,,,,,,,,,,,1904 (M.F.)
William B. Greeley,Y,"Oswego, NY",-76.5105,43.4553,"San Jose, CA",-121.8863,37.3382,,San Jose High School,"Berkeley, CA",-122.273,37.8715,1901,B.L. from University of California,"Alameda, CA",-122.2416,37.7652,,Taught one year in the high school at Alameda,,,,,,,,,,,,,,,,"New Haven, CT",-72.9279,41.3083,1902-1904,"Yale Forest School, M.F. degree, Class of 1904",Southern Appalachians,-83.5,35.5,1904-1905,Commercial tree studies in the Southern Appalachians,[NEEDS REVIEW] California,-121.4944,38.5816,1905-1906,"Inspector of timber sales, National forests in California (no city) [coords = Sacramento, California state capital]",[NEEDS REVIEW] California,-121.4944,38.5816,1906-1908,"Supervisor, Sequoia National Forest, California (no city) [coords = Sacramento, California state capital]","Washington, DC",-77.0369,38.9072,1908-,"Assistant forester in charge of silviculture, United States Forest Service",,,,,,,,,,,,,,,,,,,,,,,,,,1904 (M.F.)
Walter B. Hadley,Y,"Dayton, OR",-123.0759,45.2168,"Dayton, OR",-123.0759,45.2168,,"Public schools of Dayton, Ore.","Newberg, OR",-122.9734,45.3001,,"The Academy, Newberg, Ore.","Newberg, OR",-122.9734,45.3001,1901,B.S. from Pacific College,"McMinnville, OR",-123.1987,45.2101,,One year commercial work at McMinnville College,,,,,,,,,,,"New Haven, CT",-72.9279,41.3083,1902-1904,"Yale Forest School, M.F. degree, Class of 1904","Redlands, CA",-117.1825,34.0556,1908-,Engaged in horticulture (after leaving Service due to poor health),,,,,,,,,,,,,,,,,,,,,,,,,,,,,,,,,,,,,,,,,1904 (M.F.)
Ralph C. Hawley,Y,"Atlanta, GA",-84.388,33.749,"Amherst, MA",-72.5199,42.3732,1901,B.A. at Amherst College (prepared with tutors),,,,,,,,,,,,,,,,,,,,,,,,,,"New Haven, CT",-72.9279,41.3083,1902-1904,"Yale Forest School, M.F. degree, Class of 1904",[NEEDS REVIEW] Massachusetts,-71.0589,42.3601,,"Assistant state forester, Massachusetts Forest Service [coords = Boston, Massachusetts state capital]","New Haven, CT",-72.9279,41.3083,1909-,Teacher of forestry at the Yale Forest School,,,,,,,,,,,,,,,,,,,,,,,,,,,,,,,,,,,,1904 (M.F.)
Paul D. Kelleter,Y,"St. Louis, MO",-90.1994,38.627,"St. Louis, MO",-90.1994,38.627,,St. Louis High School,"St. Louis, MO",-90.1994,38.627,1902,B.A. from Washington University,,,,,,,,,,,,,,,,,,,,,"New Haven, CT",-72.9279,41.3083,1902-1904,"Yale Forest School, M.F. degree, Class of 1904",[NEEDS REVIEW] United States,-98.5795,39.8283,1904-1908,"Forest assistant, United States Forest Service (no city stated)",[NEEDS REVIEW] United States,-98.5795,39.8283,1908,"Chief of division of settlement; acting chief, office of lands, United States Forest Service (no city stated)","Deadwood, SD",-103.7296,44.3767,1909-,"Forest supervisor, Black Hills National Forest, USFS (since March 1, 1909)",,,,,,,,,,,,,,,,,,,,,,,,,,,,,,,1904 (M.F.)
Charles A. Lyford,Y,"Waverly, NY",-76.5341,42.0123,"Waverly, NY",-76.5341,42.0123,,Waverly (N.Y.) High School,"Ithaca, NY",-76.5019,42.444,1904,F.E. from Cornell University,,,,,,,,,,,,,,,,,,,,,"New Haven, CT",-72.9279,41.3083,1902-1904,"Yale Forest School, M.F. degree, Class of 1904","Huttonsville, WV",-79.9756,38.7173,,"General manager, Eastern Lumber Company","Montreal, Canada",-73.5673,45.5017,,Forester for the Riordan Paper Company,"Vancouver, BC, Canada",-123.1207,49.2827,1910-,"Partner, forest engineering firm Clark & Lyford",,,,,,,,,,,,,,,,,,,,,,,,,,,,,,,1904 (M.F.)
Wilbur R. Mattoon,Y,"Harwich, MA",-70.0759,41.6862,"Cazenovia, NY",-75.8513,42.9295,,Cazenovia (N.Y.) Seminary,"Middletown, CT",-72.6506,41.5623,1899,B.A. at Wesleyan University,"Kalamazoo, MI",-85.5872,42.2917,,Taught science in high school at Kalamazoo for three years,"Ithaca, NY",-76.5019,42.444,,Studied forestry one year at Cornell University,,,,,,,,,,,"New Haven, CT",-72.9279,41.3083,1902-1904,"Yale Forest School, M.F. degree, Class of 1904",[NEEDS REVIEW] New Mexico,-105.9378,35.687,1905-1907,"Established Fort Bayard Nursery; District 3 (no city) [coords = Santa Fe, New Mexico state capital]",[NEEDS REVIEW] New Mexico,-105.9378,35.687,1907-1909,"Inspector and chief of silvics, District 3 (no city) [coords = Santa Fe, New Mexico state capital]",[NEEDS REVIEW] New Mexico,-105.9378,35.687,1909-1912,"Forest supervisor, Manzano and Zuni National forests (no city) [coords = Santa Fe, New Mexico state capital]","Washington, DC",-77.0369,38.9072,1912-,"Office of silviculture, Washington, D.C.",,,,,,,,,,,,,,,,,,,,,,,,,,1904 (M.F.)
Hamilton G. Merrill,Y,"Andover, MA",-71.1367,42.6583,"Andover, MA",-71.1367,42.6583,,"Phillips Academy, Andover","Amherst, MA",-72.5199,42.3732,1900,B.A. from Amherst College,"Amherst, MA",-72.5199,42.3732,1905,M.A. from Amherst College,,,,,,,,,,,,,,,,"New Haven, CT",-72.9279,41.3083,1902-1904,"Yale Forest School, M.F. degree, Class of 1904","Santa Barbara, CA",-119.6982,34.4208,1904-,"Deputy forest supervisor, United States Forest Service (since July 1, 1904)",,,,,,,,,,,,,,,,,,,,,,,,,,,,,,,,,,,,,,,,,1904 (M.F.)
Allan B. Patterson,Y,"Concord, NH",-71.5376,43.2081,"Andover, MA",-71.1367,42.6583,,Prepared at Phillips Andover,"Hanover, NH",-72.2896,43.7022,1898,Ph.B. from Dartmouth College,[NEEDS REVIEW] United States,-98.5795,39.8283,,Employed in the General Electric Company 1.5 years (no city),,,,,,,,,,,,,,,,"New Haven, CT",-72.9279,41.3083,1902-1904,"Yale Forest School, M.F. degree, Class of 1904",[NEEDS REVIEW] United States,-98.5795,39.8283,1902-1906,"Student assistant then forest assistant, United States Forest Service (no city stated)",[NEEDS REVIEW] United States,-98.5795,39.8283,1907-1908,"Special agent, Bureau of Corporations; chief, office of federal cooperation (no city stated)",[NEEDS REVIEW] California,-118.7,36,1910-,"Forest supervisor, Sequoia National Forest, California (Hot Springs, Tulare Co.) [coords approx. Sequoia NF]",,,,,,,,,,,,,,,,,,,,,,,,,,,,,,,1904 (M.F.)
"Allan R. Powers, M.D.",Y,"San Rafael, CA",-122.5311,37.9735,"San Rafael, CA",-122.5311,37.9735,,"Selbourne School, San Rafael","Berkeley, CA",-122.273,37.8715,1901,B.S. from University of California,"Ithaca, NY",-76.5019,42.444,1902-1903,"Cornell University, New York State School of Forestry",,,,,,,,,,,,,,,,"New Haven, CT",-72.9279,41.3083,1902-1904,"Yale Forest School, M.F. degree, Class of 1904",[NEEDS REVIEW] California,-121.4944,38.5816,1909-1910,"Cruiser for the Southern Pacific Railroad Company (no city) [coords = Sacramento, California state capital]","San Francisco, CA",-122.4194,37.7749,1909-1912,University of California / Cooper Medical College; M.D. 1912,"San Francisco, CA",-122.4194,37.7749,1912-,"Interne, Southern Pacific Hospital",,,,,,,,,,,,,,,,,,,,,,,,,,,,,,,1904 (M.F.)
Paul G. Redington,Y,"Chicago, IL",-87.6298,41.8781,"Evanston, IL",-87.6877,42.0451,,Evanston Township High School,"Hanover, NH",-72.2896,43.7022,1900,B.A. from Dartmouth College,"Chicago, IL",-87.6298,41.8781,1900-1902,"Credit department, J. T. Ryerson & Son",,,,,,,,,,,,,,,,"New Haven, CT",-72.9279,41.3083,1902-1904,"Yale Forest School, M.F. degree, Class of 1904","North Fork, CA",-119.5057,37.2299,1911-,"Supervisor, Sierra National Forest, California",,,,,,,,,,,,,,,,,,,,,,,,,,,,,,,,,,,,,,,,,1904 (M.F.)
Avery T. Searle,Y,"Brookfield, MO",-93.0738,39.7842,"Claremont, CA",-117.7198,34.0967,1896,B.A. from Pomona College,"Berkeley, CA",-122.273,37.8715,,Attended the University of California,"Oakland, CA",-122.2712,37.8044,1897,Studied law with a private tutor; admitted to the Bar Dec 1897,"Honolulu, HI",-157.8583,21.3069,,Taught in high schools in California and a private school in Honolulu,,,,,,,,,,,"New Haven, CT",-72.9279,41.3083,1902-1904,"Yale Forest School, M.F. degree, Class of 1904","Sierra Madre, CA",-118.054,34.1611,,"Assistant to Mr. Lukens in reforestation, Sierra Madre Mountains","Pasadena, CA",-118.1445,34.1478,,Assistant manager of the Oak Knoll Tract,"Lodi, CA",-121.2722,38.1341,,"Law practice in Lodi, California","Mercedes, TX",-97.9136,26.1498,,"Assistant general manager, Kilgore Plantations (Mercedes and Harlingen)","Brownsville, TX",-97.4975,25.9017,1912-,"Assistant, law office of Hawkins & Pierce",,,,,,,,,,,,,,,,,,,,,1904 (M.F.)
Clinton G. Smith,Y,"North Cornwall, CT",-73.3373,41.84,"Litchfield, CT",-73.1887,41.747,,Litchfield High School,"Storrs, CT",-72.2495,41.8084,1898,B.Agr. from Storrs (now Connecticut) Agricultural College,[NEEDS REVIEW] Georgia,-84.388,33.749,1900,"Division of Forestry field parties: Georgia, N. Carolina, Tennessee, Minnesota, California [coords = Atlanta, first-listed state Georgia]",,,,,,,,,,,,,,,,"New Haven, CT",-72.9279,41.3083,1902-1904,"Yale Forest School, M.F. degree, Class of 1904",[NEEDS REVIEW] California,-121.4944,38.5816,1904,"Forest assistant; study of redwoods in California [coords = Sacramento, California state capital]",[NEEDS REVIEW] Wyoming,-104.8202,41.14,1905-1906,"Technical assistant, Medicine Bow National Forest, Wyoming [coords = Cheyenne, Wyoming state capital]",[NEEDS REVIEW] Idaho,-116.2023,43.615,1907-1908,"Technical assistant, Weiser and Boise National forests, Idaho [coords = Boise, Idaho state capital]","Pocatello, ID",-112.4455,42.8713,1908,"Forest supervisor, Pocatello National Forest","Logan, UT",-111.8338,41.737,1909-,"Forest supervisor, Cache National Forest",,,,,,,,,,,,,,,,,,,,,1904 (M.F.)
Thomas J. Taylor,Y,"Montgomery City, MO",-91.5046,38.9772,"Columbia, MO",-92.3341,38.9517,,Attended Missouri University,"Chicago, IL",-87.6298,41.8781,1904,B.A. at Chicago University,,,,,,,,,,,,,,,,,,,,,"New Haven, CT",-72.9279,41.3083,1902-1904,"Yale Forest School, M.F. degree, Class of 1904",[NEEDS REVIEW] Colorado,-104.9903,39.7392,,"Bureau of Forestry; establishment of nurseries on Pikes Peak Reserve [coords = Denver, Colorado state capital]",[NEEDS REVIEW] United States,-98.5795,39.8283,,Later entered the real estate business (present address unknown),,,,,,,,,,,,,,,,,,,,,,,,,,,,,,,,,,,,1904 (M.F.)
Blaine S. Viles,Y,"New Portland, ME",-70.0731,44.8809,"Skowhegan, ME",-69.7178,44.7654,,"Skowhegan High School, North New Portland","Brunswick, ME",-69.9653,43.9145,1903,B.A. at Bowdoin College,,,,,,,,,,,,,,,,,,,,,"New Haven, CT",-72.9279,41.3083,1902-1904,"Yale Forest School, M.F. degree, Class of 1904",[NEEDS REVIEW] New Hampshire,-71.5376,43.2081,,"Forester/superintendent, Blue Mountain Forest Association (Corbin Game Preserve) [coords = Concord, New Hampshire state capital]","Augusta, ME",-69.7795,44.3106,1908-,Private forestry work; state forest commissioner & land agent of Maine (1913),,,,,,,,,,,,,,,,,,,,,,,,,,,,,,,,,,,,1904 (M.F.)
William G. Weigle,Y,"Bendersville, PA",-77.2486,39.9892,[NEEDS REVIEW] Pennsylvania,-76.8867,40.2732,,"Pennsylvania State Normal School [coords = Harrisburg, Pennsylvania state capital]","Cornwall, PA",-76.408,40.2701,1896-1899,"Principal of schools, Cornwall, Pa.","Steelton, PA",-76.833,40.2359,1899-1901,"Principal of schools, Steelton, Pa.",[NEEDS REVIEW] Pennsylvania,-76.8867,40.2732,1901-1902,"Railway mail clerk [coords = Harrisburg, Pennsylvania state capital]",,,,,,,,,,,"New Haven, CT",-72.9279,41.3083,1902-1904,"Yale Forest School, M.F. degree, Class of 1904",[NEEDS REVIEW] United States,-98.5795,39.8283,1904,"Field assistant, United States Forest Service (no city stated)","Bloomsburg, PA",-76.4549,41.0037,1905,"Superintendent, wood dept, Pennsylvania Paper Mills, Bloomsbury","[NEEDS REVIEW - RESEARCHED] Coeur d'Alene, ID",-116.7805,47.6777,1906,"Assistant forest inspector, USFS (no city stated; attributed to Coeur d'Alene National Forest, his subsequent post — verify)","[NEEDS REVIEW - RESEARCHED] Coeur d'Alene, ID",-116.7805,47.6777,1907,"Assistant chief of forest management, USFS (no city stated; attributed to Coeur d'Alene National Forest — verify)","[NEEDS REVIEW - RESEARCHED] Coeur d'Alene, ID",-116.7805,47.6777,1908,"Assistant chief of state and federal cooperation, USFS (no city stated; attributed to Coeur d'Alene National Forest — verify)","[NEEDS REVIEW - RESEARCHED] Coeur d'Alene, ID",-116.7805,47.6777,1909,"Forest supervisor, Coeur d'Alene National Forest (coords = town of Coeur d'Alene, ID; forest area — verify)","Ketchikan, AK",-131.6461,55.3422,1911-,"Forest supervisor, Chugach and Tongass National forests of Alaska",,,,,,,,,,,1904 (M.F.)
Robert B. Wilson,Y,"Portland, OR",-122.6765,45.5152,"Lawrenceville, NJ",-74.7299,40.2976,,Lawrenceville School,"Portland, OR",-122.6765,45.5152,,Portland Academy,"New Haven, CT",-72.9279,41.3083,1901,Graduated from Yale College,,,,,,,,,,,,,,,,"New Haven, CT",-72.9279,41.3083,1902-1904,"Yale Forest School, M.F. degree, Class of 1904",[NEEDS REVIEW] Oregon,-123.0351,44.9429,-1908,"Supervisor, Cascade National Forest, USFS (resigned March 1908) [coords = Salem, Oregon state capital]","Medford, OR",-122.8756,42.3265,1907-,"Rancher and fruit-grower, apple/pear orchard, Rogue River Valley",,,,,,,,,,,,,,,,,,,,,,,,,,,,,,,,,,,,1904 (M.F.)
William H. Kobbe,Y,"Fort Hamilton, NY",-74.0254,40.6066,"San Francisco, CA",-122.4194,37.7749,,Public schools of San Francisco,"Biltmore, NC",-82.5515,35.5701,,Attended the Biltmore Forest School,,,,,,,,,,,,,,,,,,,,,"New Haven, CT",-72.9279,41.3083,,"Yale Forest School (certificate, not degree), Class of 1904",[NEEDS REVIEW] Philippines,120.9842,14.5995,1904-1907,"District forester under civil government of the Philippine Islands [coords = Manila, capital of Philippines]",[NEEDS REVIEW] Arizona,-112.074,33.4484,1908-1910,"Forest assistant, United States Forest Service [coords = Phoenix, Arizona state capital]",[NEEDS REVIEW] California,-121.4944,38.5816,1910-1912,"Globe Exploration Co./Rock Oil Co., oil producers; superintendent (no city) [coords = Sacramento, California state capital]",[NEEDS REVIEW] California,-121.4944,38.5816,1912-,"Division superintendent, General Petroleum Company (no city) [coords = Sacramento, California state capital]",,,,,,,,,,,,,,,,,,,,,,,,,,"1904 (Certificate, not degree)"
"Manasseh Smith, Jr.",N,"Radnor Forges, QC, Canada",-72.5,46.3,"Portland, ME",-70.2553,43.6591,,Portland (Maine) High School,"Ithaca, NY",-76.5019,42.444,1900-1903,Attended Cornell University,,,,,,,,,,,,,,,,,,,,,"New Haven, CT",-72.9279,41.3083,,"Yale Forest School (non-graduate), Class of 1904",[NEEDS REVIEW] California,-121.4944,38.5816,1907-1910,"Assistant state forester of California (no city) [coords = Sacramento, California state capital]","Chicago, IL",-87.6298,41.8781,1910-,"Forester and field manager, American Eucalyptus Timber Corporation",,,,,,,,,,,,,,,,,,,,,,,,,,,,,,,,,,,,1904 (Non-Graduate)
Frank P. Hamilton,N,"Gloucester, MA",-70.662,42.6159,"Vassalboro, ME",-69.6814,44.4584,,Oak Grove Seminary,"Waterville, ME",-69.6317,44.552,1902,B.A. from Colby College,"Cambridge, MA",-71.1097,42.3736,1903-1904,Harvard Law School,[NEEDS REVIEW] Arizona,-112.074,33.4484,1905,"Ranching in Arizona [coords = Phoenix, Arizona state capital]","Denver, CO",-104.9903,39.7392,1908,LL.B. from Denver University,,,,,,"New Haven, CT",-72.9279,41.3083,,"Yale Forest School (non-graduate), Class of 1904","Jacksonville, FL",-81.6557,30.3322,1908-,Clerk in the law firm of Fleming & Fleming,,,,,,,,,,,,,,,,,,,,,,,,,,,,,,,,,,,,,,,,,1904 (Non-Graduate)
Wilbur F. Henderson,N,,,,,,,,,,,,,,,,,,,,,,,,,,,,,,,,,,"New Haven, CT",-72.9279,41.3083,,"Yale Forest School (non-graduate), Class of 1904","Manchester, NH",-71.4548,42.9956,,Engaged in farming,,,,,,,,,,,,,,,,,,,,,,,,,,,,,,,,,,,,,,,,,1904 (Non-Graduate)
Yukichi Hokodachi,N,Japan,139.6917,35.6895,[NEEDS REVIEW] Japan,139.6917,35.6895,,"Entered from the Middle School of Japan [coords = Tokyo, capital of Japan]",,,,,,,,,,,,,,,,,,,,,,,,,,"New Haven, CT",-72.9279,41.3083,,"Yale Forest School (non-graduate); took regular courses except spring term, Senior year",,,,,,,,,,,,,,,,,,,,,,,,,,,,,,,,,,,,,,,,,,,,,,1904 (Non-Graduate)
Richard P. Imes,N,"Springfield, MO",-93.2923,37.209,"[RESEARCHED] Spearfish, SD",-103.8591,44.4908,,"Graduated South Dakota State Normal School (Spearfish, SD; now Black Hills State University)","Washington, DC",-77.0369,38.9072,,Two years student assistant in the Division of Forestry,,,,,,,,,,,,,,,,,,,,,"New Haven, CT",-72.9279,41.3083,,"Yale Forest School (non-graduate), Class of 1904","Custer, SD",-103.5991,43.7666,1910-,"Supervisor, Harney National Forest, headquarters at Custer",,,,,,,,,,,,,,,,,,,,,,,,,,,,,,,,,,,,,,,,,1904 (Non-Graduate)
Louis C. Miller,N,"Joplin, MO",-94.5133,37.0842,"Stillwater, OK",-97.0584,36.1156,1901,B.S. at Oklahoma Agricultural and Mechanical College,"New Haven, CT",-72.9279,41.3083,,"One year graduate dept, Sheffield Scientific School",,,,,,,,,,,,,,,,,,,,,"New Haven, CT",-72.9279,41.3083,,"Yale Forest School (non-graduate); took Junior year courses, Class of 1904","Denver, CO",-104.9903,39.7392,-1910,"Chief, section of planting, District 2 (died Denver, July 16, 1910)",,,,,,,,,,,,,,,,,,,,,,,,,,,,,,,,,,,,,,,,,"1904 (Non-Graduate, deceased 1910)"
J. Fred Baker,Y,"Saint Croix Falls, WI",-92.6377,45.4083,"St. Paul, MN",-93.09,44.9444,,McAllister Academy (preparatory),"East Lansing, MI",-84.4839,42.737,1902,B.S. at Michigan Agricultural College,,,,,,,,,,,,,,,,,,,,,"New Haven, CT",-72.9279,41.3083,1903-1905,"Yale Forest School, M.F. degree, Class of 1905","Mont Alto, PA",-77.5544,39.8401,,"Instructor in the Pennsylvania Forest Academy, forest assistant in the United States Forest Service","Colorado Springs, CO",-104.8214,38.8339,,"Assistant professor of forestry at the Colorado School of Forestry, Colorado College","East Lansing, MI",-84.4839,42.737,since 1907,Professor of forestry at the Michigan Agricultural College,,,,,,,,,,,,,,,,,,,,,,,,,,,,,,,1905 (M.F.)
John E. Barton,Y,"Warren, MI",-83.0146,42.4775,"Detroit, MI",-83.0458,42.3314,,Public and high schools of Detroit,"Ann Arbor, MI",-83.743,42.2808,1902,Graduated from the University of Michigan,,,,,,,,,,,,,,,,,,,,,"New Haven, CT",-72.9279,41.3083,1903-1905,"Yale Forest School, M.F. degree, Class of 1905","Sandpoint, ID",-116.5535,48.2766,1908-1912,"Forest supervisor with the Federal Government, headquarters at Sandpoint, Idaho","Frankfort, KY",-84.8733,38.2009,since 1912,State forester of Kentucky,,,,,,,,,,,,,,,,,,,,,,,,,,,,,,,,,,,,1905 (M.F.)
Anton T. Boisen,Y,"Bloomington, IN",-86.5264,39.1653,"Bloomington, IN",-86.5264,39.1653,,Bloomington High School,"Bloomington, IN",-86.5264,39.1653,1897,B.A. at Indiana University,"Bloomington, IN",-86.5264,39.1653,1898-1903,Instructor in romance languages at Indiana University,,,,,,,,,,,,,,,,"New Haven, CT",-72.9279,41.3083,1903-1905,"Yale Forest School, M.F. degree, Class of 1905",[NEEDS REVIEW] United States,-77.0369,38.9072,1905-1908,Forest assistant in the United States Government Service (no city stated),"New York City, NY",-74.006,40.7128,1908-1911,Preparation for the ministry at the Union Theological Seminary; diploma 1911,"New York City, NY",-74.006,40.7128,1911-1912,"Field investigator, department of church and country life, Presbyterian Board of Home Missions","Ames, IA",-93.625,42.0308,since 1912,Congregational University pastor at the State College,,,,,,,,,,,,,,,,,,,,,,,,,,1905 (M.F.)
Harold R. Bristol,Y,"Meriden, CT",-72.807,41.5382,"Poughkeepsie, NY",-73.921,41.7004,,Riverview Academy (preparatory),"Portland, OR",-122.6765,45.5231,,Portland Academy (preparatory),"Ithaca, NY",-76.5019,42.444,1904,F.E. at Cornell,,,,,,,,,,,,,,,,"New Haven, CT",-72.9279,41.3083,1903-1905,"Yale Forest School, M.F. degree, Class of 1905",[NEEDS REVIEW] Bay Shore Lumber Company,,,1904-1908,Forester of the Bay Shore Lumber Company (no city stated),"[NEEDS REVIEW - RESEARCHED] Plattsburgh, NY",-73.4529,44.6995,since 1908,"Superintendent of woodlands for the Delaware & Hudson Company; current address Plattsburgh, N. Y.",,,,,,,,,,,,,,,,,,,,,,,,,,,,,,,,,,,,1905 (M.F.)
Clarence J. Buck,Y,"Stockbridge, MA",-73.3198,42.2862,"Stockbridge, MA",-73.3198,42.2862,,Stockbridge High School,"Williamstown, MA",-73.2037,42.7112,1903,B.A. at Williams College,,,,,,,,,,,,,,,,,,,,,"New Haven, CT",-72.9279,41.3083,1903-1905,"Yale Forest School, M.F. degree, Class of 1905","[NEEDS REVIEW - RESEARCHED] Yreka, CA",-122.6345,41.7354,,"Forest assistant, then deputy forest supervisor of the Klamath National Forest","[NEEDS REVIEW - RESEARCHED] Medford, OR",-122.8756,42.3265,,Forest supervisor of the Crater National Forest,"[NEEDS REVIEW - RESEARCHED] Portland, OR",-122.6765,45.5231,since 1908,"Assistant district forester (operation, then lands), District 6 (HQ Portland)",,,,,,,,,,,,,,,,,,,,,,,,,,,,,,,1905 (M.F.)
Philip T. Harris,Y,"East Machias, ME",-67.3939,44.7392,"East Machias, ME",-67.3939,44.7392,,Washington Academy (preparatory),"Brunswick, ME",-69.9653,43.9145,1903,B.A. at Bowdoin College,[NEEDS REVIEW] United States,-77.0369,38.9072,,Two seasons of field work with the Forest Service before entering Yale (no city stated),,,,,,,,,,,,,,,,"New Haven, CT",-72.9279,41.3083,1903-1905,"Yale Forest School, M.F. degree, Class of 1905",[NEEDS REVIEW] United States,-77.0369,38.9072,1905-1907,Forest assistant in the United States Forest Service (no city stated),[NEEDS REVIEW] United States,-77.0369,38.9072,1907-1909,Forest examiner in the United States Forest Service (no city stated),"Tacoma, WA",-122.4443,47.2529,since 1909,"Deputy supervisor of Rainier Forest, headquarters at Tacoma, Wash.",,,,,,,,,,,,,,,,,,,,,,,,,,,,,,,1905 (M.F.)
Janero Lagdameo,Y,"Quinayangan, P. I.",122,13.9,"Manila, P. I.",120.9842,14.5995,1896,B.A. at Ateneo de Manila,,,,,,,,,,,,,,,,,,,,,,,,,,"New Haven, CT",-72.9279,41.3083,1903-1905,"Yale Forest School, M.F. degree, Class of 1905","Manila, P. I.",120.9842,14.5995,since 1905,"Forest Service in the Philippine Islands (Bureau of Forestry, Manila)",,,,,,,,,,,,,,,,,,,,,,,,,,,,,,,,,,,,,,,,,1905 (M.F.)
Jacob J. Levison,Y,"Riga, Russia",24.1052,56.9496,"New York City, NY",-74.006,40.7128,1896,Public schools of New York,"New York City, NY",-74.006,40.7128,,Studied art at Cooper Union,"New York City, NY",-74.006,40.7128,1902,B.A. at the College of the City of New York,,,,,,,,,,,,,,,,"New Haven, CT",-72.9279,41.3083,1903-1905,"Yale Forest School, M.F. degree, Class of 1905",[NEEDS REVIEW] United States,-77.0369,38.9072,,Forest assistant for one year (no city stated),"Brooklyn, NY",-73.9442,40.6782,since ~1906,"Forester for the City of New York (Brooklyn and Queens); since 1908 staff lecturer, Brooklyn Institute of Arts and Sciences & NYC Board of Education; since 1909 forester of the American Association for Planting and Preservation of City Trees",,,,,,,,,,,,,,,,,,,,,,,,,,,,,,,,,,,,1905 (M.F.)
James P. McDonough,Y,"New Haven, CT",-72.9279,41.3083,"New Haven, CT",-72.9279,41.3083,,New Haven High School,"New Haven, CT",-72.9279,41.3083,1903,Graduated from Yale College,,,,,,,,,,,,,,,,,,,,,"New Haven, CT",-72.9279,41.3083,1903-1905,"Yale Forest School, M.F. degree, Class of 1905","Warren, AR",-92.0643,33.6126,,Engineering work for the Chicago Lumber & Coal Company of St. Louis,"Glen Morgan, WV",-81.209,37.729,since 1907,"Employed by the W. M. Ritter Lumber Company of Columbus, Ohio; located at Glen Morgan, W. Va.",,,,,,,,,,,,,,,,,,,,,,,,,,,,,,,,,,,,1905 (M.F.)
William H. Mast,Y,"Ottumwa, IA",-92.4113,41.0119,"Agency, IA",-92.3074,41.0247,1893-1897,High school at Agency,"Ames, IA",-93.625,42.0308,1900,Bachelor of Agriculture at Iowa State College,"[NEEDS REVIEW - RESEARCHED] Halsey, NE",-100.2685,41.9039,1900-1908,"Entered the U.S. Forest Service; forest assistant in charge of Halsey Nursery, Nebraska National Forest",,,,,,,,,,,,,,,,"New Haven, CT",-72.9279,41.3083,1903-1905,"Yale Forest School, M.F. degree, Class of 1905","[NEEDS REVIEW - RESEARCHED] Halsey, NE",-100.2685,41.9039,1908-1910,Supervisor of the Nebraska National Forest,"Denver, CO",-104.9903,39.7392,1910,In the office of planting in Denver,"[NEEDS REVIEW - RESEARCHED] Monument, CO",-104.8728,39.0916,1910-1911,"In charge of Monument Nursery, Pike National Forest","[NEEDS REVIEW - RESEARCHED] Gunnison, CO",-106.9253,38.5458,1911-1912,Forest assistant and acting supervisor of Gunnison National Forest,"Davenport, IA",-90.5776,41.5236,,Took over operation of the Davenport (Iowa) Nursery with W. J. Duppert,,,,,,,,,,,,,,,,,,,,,1905 (M.F.)
Clayton D. Mell,Y,"Wernersville, PA",-76.0805,40.3306,"Millersville, PA",-76.3552,40.004,1897,M.E. at Pennsylvania State School at Millersville,[NEEDS REVIEW] Pennsylvania,-76.8867,40.2737,1897-1900,Taught three years (no city stated),"Lancaster, PA",-76.3055,40.0379,1902,B.A. at Franklin and Marshall College,,,,,,,,,,,,,,,,"New Haven, CT",-72.9279,41.3083,1903-1905,"Yale Forest School, M.F. degree, Class of 1905","Washington, DC",-77.0369,38.9072,since 1905,Assistant dendrologist in the United States Forest Service,,,,,,,,,,,,,,,,,,,,,,,,,,,,,,,,,,,,,,,,,1905 (M.F.)
Walter J. Morrill,Y,"Madison, ME",-69.8742,44.7959,"Waterville, ME",-69.6317,44.552,,High school and Coburn Classical Institute,"Orono, ME",-68.6722,44.8834,1899,B.S. at the University of Maine,[NEEDS REVIEW] New Hampshire,-71.5376,43.2081,,Taught two years in New Hampshire (no city stated),[NEEDS REVIEW] South Carolina,-81.0348,34.0007,,Taught two years in South Carolina (no city stated),,,,,,,,,,,"New Haven, CT",-72.9279,41.3083,1903-1905,"Yale Forest School, M.F. degree, Class of 1905",[NEEDS REVIEW] Colorado,-104.9903,39.7392,1905-1908,Forest assistant on several forests in Colorado,"[NEEDS REVIEW - RESEARCHED] Colorado Springs, CO",-104.8214,38.8339,1908-1910,"Deputy supervisor of the Pike National Forest, Colorado","[NEEDS REVIEW - RESEARCHED] Monte Vista, CO",-106.1483,37.5786,1910-1911,Supervisor of the Rio Grande National Forest,"Washington, DC",-77.0369,38.9072,1911-1912,"Forest examiner in Washington, D. C.","Colorado Springs, CO",-104.8214,38.8339,1909-1910,Professor of forestry in the Colorado School of Forestry,"Lincoln, NE",-96.6852,40.8136,since 1912,Professor of forestry at the University of Nebraska,,,,,,,,,,,,,,,,1905 (M.F.)
Harry C. Neal,Y,"Dravosburg, PA",-79.8884,40.3517,"State College, PA",-77.86,40.7934,,Pennsylvania State College Preparatory School,"State College, PA",-77.86,40.7934,1903,B.S. at Pennsylvania State College,,,,,,,,,,,,,,,,,,,,,"New Haven, CT",-72.9279,41.3083,1903-1905,"Yale Forest School, M.F. degree, Class of 1905",[NEEDS REVIEW] United States,-77.0369,38.9072,since 1905,Forest assistant in the United States Forest Service (no further information; no city stated),,,,,,,,,,,,,,,,,,,,,,,,,,,,,,,,,,,,,,,,,1905 (M.F.)
"John M. Nelson, Jr.",Y,"Baltimore, MD",-76.6122,39.2904,"Baltimore, MD",-76.6122,39.2904,,Baltimore public schools and Marston University School,"Baltimore, MD",-76.6122,39.2904,1903,B.A. at Johns Hopkins University,,,,,,,,,,,,,,,,,,,,,"New Haven, CT",-72.9279,41.3083,1903-1905,"Yale Forest School, M.F. degree, Class of 1905",[NEEDS REVIEW] United States,-77.0369,38.9072,1905-1909,Forest assistant and section chief in the Service (no city stated),"[NEEDS REVIEW - RESEARCHED] Philadelphia, PA",-75.1652,39.9526,1909-1910,Superintendent of the timber department of the Philadelphia and Reading Coal & Iron Company,[NEEDS REVIEW] Carolina Pine Lumber Company,,,1910-1911,General sales agent for the Carolina Pine Lumber Company,"Pottsville, PA",-76.1555,40.6856,since 1911,"Opened a wholesale lumber business in Pottsville, Pa.",,,,,,,,,,,,,,,,,,,,,,,,,,1905 (M.F.)
William B. Piper,Y,"Cambridge, MA",-71.1097,42.3736,"Cambridge, MA",-71.1097,42.3736,,Browne-Nichols Preparatory School,"Cambridge, MA",-71.1097,42.3736,1903,B.A. at Harvard,,,,,,,,,,,,,,,,,,,,,"New Haven, CT",-72.9279,41.3083,1903-1905,"Yale Forest School, M.F. degree, Class of 1905","[NEEDS REVIEW - RESEARCHED] Medicine Bow, WY",-106.1992,41.8994,1905,"Forest assistant in the Medicine Bow Mountains, Wyo.",[NEEDS REVIEW] California,-121.4944,38.5816,1905-1906,In California (winter 1905-06; no city stated),"Lyon Mountain, NY",-73.907,44.717,1906-1907,"Furloughed to work with the Delaware & Hudson Railroad Company, headquarters at Lyon Mountain","[NEEDS REVIEW - RESEARCHED] Bozeman, MT",-111.0429,45.677,1907-1910,"Clearwater Valley; Gallatin Forest near Bozeman; field parties in Custer County and West Gallatin Valley, Mont.","Washington, DC",-77.0369,38.9072,1908-1909,"Early winter 1908-09 in Washington, D. C.",[NEEDS REVIEW] Alabama,-86.3009,32.3668,1909,"In charge of a field party in Northern Alabama, cooperating with the Tennessee Coal & Iron Company","Sheridan, MT",-112.1988,45.4546,1910,"Transferred to the Madison Forest, headquarters at Sheridan, Mont.","East Tawas, MI",-83.4888,44.2792,since 1911,"Acting supervisor of the Michigan and Marquette National forests; HQ moved to East Tawas, Mich.",,,,,,1905 (M.F.)
Merritt B. Pratt,Y,"Paw Paw, IL",-88.9809,41.6886,"Paw Paw, IL",-88.9809,41.6886,1897,Paw Paw High School,"Chicago, IL",-87.6298,41.8781,1900,Morgan Park Academy,"Chicago, IL",-87.6298,41.8781,1903,B.S. at the University of Chicago,,,,,,,,,,,,,,,,"New Haven, CT",-72.9279,41.3083,1903-1905,"Yale Forest School, M.F. degree, Class of 1905",[NEEDS REVIEW] United States,-77.0369,38.9072,1905-1909,Forest assistant (no city stated),"Nevada City, CA",-121.0161,39.2616,since 1909,"Deputy forest supervisor of Tahoe National Forest, headquarters at Nevada City, Calif.",,,,,,,,,,,,,,,,,,,,,,,,,,,,,,,,,,,,1905 (M.F.)
Jeremiah Rebmann,Y,"Wurtemberg, Germany",9.1829,48.7758,[NEEDS REVIEW] Germany,13.405,52.52,,Public schools in Germany,"Lincoln, NE",-96.6852,40.8136,,University of Nebraska preparatory school,"Lincoln, NE",-96.6852,40.8136,1898,B.S. at the University of Nebraska,,,,,,,,,,,,,,,,"New Haven, CT",-72.9279,41.3083,1903-1905,"Yale Forest School, M.F. degree, Class of 1905",[NEEDS REVIEW] United States,-77.0369,38.9072,since 1905,Entered the Government Service as an assistant (no further information; no city stated),,,,,,,,,,,,,,,,,,,,,,,,,,,,,,,,,,,,,,,,,1905 (M.F.)
Samuel J. Record,Y,"Crawfordsville, IN",-86.8742,40.0411,"Crawfordsville, IN",-86.8742,40.0411,,Crawfordsville High School,"Crawfordsville, IN",-86.8742,40.0411,1903,B.A. at Wabash College (M.A. 1906),,,,,,,,,,,,,,,,,,,,,"New Haven, CT",-72.9279,41.3083,1903-1905,"Yale Forest School, M.F. degree, Class of 1905",[NEEDS REVIEW] United States,-77.0369,38.9072,1904-1907,Assistant in the United States Forest Service,[NEEDS REVIEW] United States,-77.0369,38.9072,1907,"Chief of the Section of Reconnaissance (M), then supervisor","Crawfordsville, IN",-86.8742,40.0411,1906,Instructor in botany and forestry at Wabash College,"New Haven, CT",-72.9279,41.3083,1910-1911,Instructor in forestry at the Yale Forest School,"New Haven, CT",-72.9279,41.3083,since 1911,Assistant professor of forest products at Yale,,,,,,,,,,,,,,,,,,,,,1905 (M.F.)
Arthur C. Ringland,Y,"Brooklyn, NY",-73.9442,40.6782,"Montclair, NJ",-74.209,40.8259,,Montclair High School,"New Haven, CT",-72.9279,41.3083,,Special courses in Sheffield Scientific School (Yale),,,,,,,,,,,,,,,,,,,,,"New Haven, CT",-72.9279,41.3083,1903-1905,"Yale Forest School, M.F. degree, Class of 1905",[NEEDS REVIEW] United States,-77.0369,38.9072,1905-1907,Forest assistant (no city stated),[NEEDS REVIEW] United States,-77.0369,38.9072,1907-1908,Assistant forester (no city stated),"Albuquerque, NM",-106.6504,35.0844,since 1908,"District forester in charge of District 3, headquarters at Albuquerque, N. Mex.",,,,,,,,,,,,,,,,,,,,,,,,,,,,,,,1905 (M.F.)
William F. Sherfesee,Y,"Brevard, NC",-82.7343,35.2334,"Charleston, SC",-79.9311,32.7765,,Charleston High School,"Charleston, SC",-79.9311,32.7765,1903,B.A. at the College of Charleston,,,,,,,,,,,,,,,,,,,,,"New Haven, CT",-72.9279,41.3083,1903-1905,"Yale Forest School, M.F. degree, Class of 1905","Manila, P. I.",120.9842,14.5995,since 1912,"Forest assistant, assistant chief and chief in the office of wood preservation; forester of the Philippine Bureau of Forestry; appointed assistant director of the Philippine Bureau of Forestry July 1, 1912",,,,,,,,,,,,,,,,,,,,,,,,,,,,,,,,,,,,,,,,,1905 (M.F.)
Ferdinand A. Silcox,Y,"Columbus, GA",-84.9877,32.461,"Charleston, SC",-79.9311,32.7765,,Charleston High School,"Charleston, SC",-79.9311,32.7765,1903,B.S. at the College of Charleston,,,,,,,,,,,,,,,,,,,,,"New Haven, CT",-72.9279,41.3083,1903-1905,"Yale Forest School, M.F. degree, Class of 1905","[NEEDS REVIEW - RESEARCHED] Leadville, CO",-106.2934,39.2508,1905,"Ranger, forest assistant and acting supervisor (Leadville, Holy Cross forests)","[NEEDS REVIEW - RESEARCHED] Durango, CO",-107.8801,37.2753,1906,"Sent to the San Juan and Montezuma forests, headquarters at Durango","Washington, DC",-77.0369,38.9072,1906,District forester for District 1 (Washington office assignment),"[NEEDS REVIEW - RESEARCHED] Missoula, MT",-113.994,46.8721,1907-1908,Forest inspector in Montana; general inspection officer,"Missoula, MT",-113.994,46.8721,since 1911,"District forester in charge of District 1, headquarters at Missoula, Mont.",,,,,,,,,,,,,,,,,,,,,1905 (M.F.)
Gordon E. Tower,Y,"Belding, MI",-85.2289,43.0978,"Belding, MI",-85.2289,43.0978,,Belding High School,"East Lansing, MI",-84.4839,42.737,1901,B.S. at Michigan Agricultural College,[NEEDS REVIEW] United States,-77.0369,38.9072,1901-,Served in the Forest Service from July 1901 until entering Yale (no city stated),,,,,,,,,,,,,,,,"New Haven, CT",-72.9279,41.3083,1903-1905,"Yale Forest School, M.F. degree, Class of 1905","Milford, PA",-74.8021,41.3223,1905,"Assistant at the Yale Forest School at Milford, Pa.","Orono, ME",-68.6722,44.8834,1905-1910,Professor of forestry at the University of Maine,"Salem, OR",-123.0351,44.9429,since 1910,Horticulturist for the Waldo Hills Orchard Company,,,,,,,,,,,,,,,,,,,,,,,,,,,,,,,1905 (M.F.)
Lage Wernstedt,Y,"Strengnas, Sweden",17.0177,59.3776,"Norrkoping, Sweden",16.1826,58.5877,,Gymnasium at Norrkoping,"Stockholm, Sweden",18.0686,59.3293,1902,M.E. at the Royal Institute of Technology,[NEEDS REVIEW] Sweden,18.0686,59.3293,,One year as a draftsman before entering Yale (no city stated),,,,,,,,,,,,,,,,"New Haven, CT",-72.9279,41.3083,1903-1905,"Yale Forest School, M.F. degree, Class of 1905","Portland, OR",-122.6765,45.5231,since 1905,"Forest expert and assistant; boundary work and reconnaissance in Arizona, California, Oregon, Nevada, Washington, Idaho and Alaska; Priest River, Chugach and Columbia National forests",,,,,,,,,,,,,,,,,,,,,,,,,,,,,,,,,,,,,,,,,1905 (M.F.)
Trueman D. Woodbury,Y,"Bluehill, ME",-68.54,44.41,"[NEEDS REVIEW - RESEARCHED] Saxtons River, VT",-72.5095,43.1395,,Saxtons River Academy,"Providence, RI",-71.4128,41.824,1903,Ph.B. from Brown University,,,,,,,,,,,,,,,,,,,,,"New Haven, CT",-72.9279,41.3083,1903-1905,"Yale Forest School, M.F. degree, Class of 1905",[NEEDS REVIEW] United States,-77.0369,38.9072,1905-1907,Forest assistant,[NEEDS REVIEW] United States,-77.0369,38.9072,1907-1909,Inspector,"San Francisco, CA",-122.4194,37.7749,since 1909,"Assistant district forester, headquarters at San Francisco, Calif.",,,,,,,,,,,,,,,,,,,,,,,,,,,,,,,1905 (M.F.)
Karl W. Woodward,Y,"Detroit, MI",-83.0458,42.3314,"Montclair, NJ",-74.209,40.8259,,Montclair High School,"Ithaca, NY",-76.5019,42.444,1904,B.A. at Cornell,,,,,,,,,,,,,,,,,,,,,"New Haven, CT",-72.9279,41.3083,1903-1905,"Yale Forest School, M.F. degree, Class of 1905",[NEEDS REVIEW] United States,-77.0369,38.9072,,Forest assistant; assistant forest inspector; in charge of the project of Northern Pacific Estimates,[NEEDS REVIEW] Dominican Republic,-69.9312,18.4861,,Adviser to the Dominican government,"Washington, DC",-77.0369,38.9072,,"In charge of examination and acquisition of lands under the Weeks Law, Forest Service, Washington, D. C.",,,,,,,,,,,,,,,,,,,,,,,,,,,,,,,1905 (M.F.)
Theodore C. Zschokke,Y,"Wapello, IA",-91.1851,41.1808,"Palo Alto, CA",-122.143,37.4419,,Palo Alto High School,"Stanford, CA",-122.1697,37.4275,1903,"B.A. at Leland Stanford, Jr. University",,,,,,,,,,,,,,,,,,,,,"New Haven, CT",-72.9279,41.3083,1903-1905,"Yale Forest School, M.F. degree, Class of 1905","Manila, P. I.",120.9842,14.5995,1905-1910,"Forester of the Bureau of Forestry, Manila, P. I.","San Francisco, CA",-122.4194,37.7749,since 1912,Partner in contracts of the Pacific Grading Company of San Francisco; foreman in charge of operations,,,,,,,,,,,,,,,,,,,,,,,,,,,,,,,,,,,,1905 (M.F.)
Harry M. Hale,Y,"Elbridge, NY",-76.4474,43.0359,"Elbridge, NY",-76.4474,43.0359,,Munro Collegiate Institute,"Ithaca, NY",-76.5019,42.444,,Two years in the Cornell Forestry School,,,,,,,,,,,,,,,,,,,,,"New Haven, CT",-72.9279,41.3083,,"Yale Forest School (certificate, not degree), Class of 1905","Okanogan, WA",-119.5814,48.3614,,"Government Service: forest expert, assistant, deputy supervisor; supervisor of the Okanogan Forest, District 6, headquarters at Okanogan, Wash.",,,,,,,,,,,,,,,,,,,,,,,,,,,,,,,,,,,,,,,,,"1905 (Certificate, not degree)"
John S. Holmes,Y,"Coburg, Ontario, Canada",-78.1656,43.9593,[NEEDS REVIEW] Wales,-3.7837,52.1307,,Public schools of North Wales,[NEEDS REVIEW] North Carolina,-78.6382,35.7796,,Private school in North Carolina,"Chapel Hill, NC",-79.0558,35.9132,-1888,University of North Carolina (two-year course in agriculture),"[NEEDS REVIEW - RESEARCHED] Hendersonville, NC",-82.4609,35.3187,-1902,"Farmed in Henderson County, N. C.",[NEEDS REVIEW] United States,-77.0369,38.9072,1902,Entered the U.S. Forest Service as student assistant,,,,,,"New Haven, CT",-72.9279,41.3083,,"Yale Forest School (certificate, not degree), Class of 1905","[NEEDS REVIEW - RESEARCHED] Asheville, NC",-82.5515,35.5951,1905,Commercial tree studies in the South Appalachians,"Albuquerque, NM",-106.6504,35.0844,1906,Timber sale inspection in District 3,[NEEDS REVIEW] Kentucky,-84.8733,38.2009,1907,Study of forest conditions of Kentucky,"Chapel Hill, NC",-79.0558,35.9132,since 1909,Forester for the North Carolina Geological and Economic Survey,,,,,,,,,,,,,,,,,,,,,,,,,,"1905 (Certificate, not degree)"
Stanton G. Smith,Y,"Berkley, MD",-76.2027,39.619,"Westtown, PA",-75.5963,39.9526,,Westtown Boarding School,"Ithaca, NY",-76.5019,42.444,,Attended Cornell University for a time,,,,,,,,,,,,,,,,,,,,,"New Haven, CT",-72.9279,41.3083,,"Yale Forest School (certificate, not degree), Class of 1905","Albuquerque, NM",-106.6504,35.0844,1906-1913,"Forest assistant, chief of section of boundaries, forest examiner and forest supervisor, District 3","Seattle, WA",-122.3321,47.6062,since 1913,"Supervisor of Snoqualmie National Forest, District 6, stationed in Seattle, Wash.",,,,,,,,,,,,,,,,,,,,,,,,,,,,,,,,,,,,"1905 (Certificate, not degree)"
James M. Fetherolf,N,"Kempton, PA",-75.8607,40.602,"[NEEDS REVIEW - RESEARCHED] Lynnville, PA",-75.79,40.55,,Lynnville Academy (preparatory),"Allentown, PA",-75.4714,40.6084,1901,B.A. at Muhlenberg College,[NEEDS REVIEW] United States,-77.0369,38.9072,,Worked for the Bureau of Forestry as a student assistant before entering Yale,,,,,,,,,,,,,,,,"New Haven, CT",-72.9279,41.3083,,"Yale Forest School (non-graduate), Class of 1905",[NEEDS REVIEW] United States,-77.0369,38.9072,1904-1906,Forest assistant,[NEEDS REVIEW] United States,-77.0369,38.9072,1906-1908,Forest inspector,"[NEEDS REVIEW - RESEARCHED] Salt Lake City, UT",-111.891,40.7608,1908,"General inspector in District 4, headquarters at Salt Lake","Ogden, UT",-111.9738,41.223,since 1908,"In charge of the reforestation work in District 4, headquarters at Ogden, Utah",,,,,,,,,,,,,,,,,,,,,,,,,,1905 (Non-Graduate)
David G. Kinney,N,"Utica, NY",-75.2327,43.1009,"Utica, NY",-75.2327,43.1009,,Utica Free Academy,"Concord, NH",-71.5376,43.2081,1898,St. Paul's School,"Cambridge, MA",-71.1097,42.3736,-1901,Harvard,[NEEDS REVIEW] United States,-77.0369,38.9072,1901,Began forestry work with the government,,,,,,,,,,,"New Haven, CT",-72.9279,41.3083,,"Yale Forest School (non-graduate), Class of 1905",[NEEDS REVIEW] United States,-77.0369,38.9072,,Forest products division of the Forest Service,"[NEEDS REVIEW - RESEARCHED] Kalispell, MT",-114.3129,48.1958,1905-1907,"Technical assistant on forests now embraced by Flathead, Missoula and Glacier National Park","[NEEDS REVIEW - RESEARCHED] Missoula, MT",-113.994,46.8721,1907-1912,"Forest supervisor at Kootenai, Cabinet (N) and Missoula National forests","San Diego, CA",-117.1611,32.7157,since 1913,"Supervisor of Cleveland National Forest, San Diego, Calif.",,,,,,,,,,,,,,,,,,,,,,,,,,1905 (Non-Graduate)
Harold D. Langille,N,"Tusket, Nova Scotia",-65.974,43.86,[NEEDS REVIEW] Oregon,-122.6765,45.5231,,Country school education in Oregon,[NEEDS REVIEW] United States,-77.0369,38.9072,1900,"Engaged by the U.S. Geological Survey, then Bureau of Forestry, then interior department as forest inspector",,,,,,,,,,,,,,,,,,,,,"New Haven, CT",-72.9279,41.3083,,"Yale Forest School (non-graduate), Class of 1905",[NEEDS REVIEW] United States,-77.0369,38.9072,-1905,Forest inspector until August 1905,[NEEDS REVIEW] real estate and timber business,,,1905-1906,Real estate and timber business (no city stated),"Portland, OR",-122.6765,45.5231,since 1906,"Western manager of the Portland office of James D. Lacey & Company, timber land factors",,,,,,,,,,,,,,,,,,,,,,,,,,,,,,,1905 (Non-Graduate)
Chester A. Mathewson,N,"Cincinnati, OH",-84.512,39.1031,"Cincinnati, OH",-84.512,39.1031,,University of Cincinnati,[NEEDS REVIEW] secondary schools,,,,Taught in secondary schools before entering Yale,,,,,,,,,,,,,,,,,,,,,"New Haven, CT",-72.9279,41.3083,,"Yale Forest School (non-graduate), Class of 1905","New York City, NY",-74.006,40.7128,1905-1906,"B.S./M.A. at Columbia University; instructor, Columbia University","Plainfield, NJ",-74.4074,40.6337,1906-1907,"Teaching at Plainfield, N. J.","New York City, NY",-74.006,40.7128,1907-1910,"High School of Commerce, New York City","Brooklyn, NY",-73.9442,40.6782,since 1910,"Professor of biology at the Training School for Teachers, Brooklyn, N. Y.",,,,,,,,,,,,,,,,,,,,,,,,,,1905 (Non-Graduate)
Ernest A. Sanders,N,"[NEEDS REVIEW] Westerville, OH",-82.929,40.1262,"Columbus, OH",-82.9988,39.9612,1903,M.A. at Ohio State University,,,,,,,,,,,,,,,,,,,,,,,,,,"New Haven, CT",-72.9279,41.3083,,"Yale Forest School (non-graduate), Class of 1905","[NEEDS REVIEW] Westerville, OH",-82.929,40.1262,,"Registered at the Forest School during part of the Junior year (no further information; current address Westerville, Ohio)",,,,,,,,,,,,,,,,,,,,,,,,,,,,,,,,,,,,,,,,,1905 (Non-Graduate)
Herbert O. Stabler,N,"Sandy Spring, MD",-77.0228,39.1418,"[NEEDS REVIEW - RESEARCHED] Newtown, PA",-74.9329,40.229,,George School (preparatory),"Ithaca, NY",-76.5019,42.444,,Cornell Forestry School,,,,,,,,,,,,,,,,,,,,,"New Haven, CT",-72.9279,41.3083,,"Yale Forest School (non-graduate), Class of 1905",[NEEDS REVIEW] United States,-77.0369,38.9072,1905-1907,Forest assistant on boundary work,[NEEDS REVIEW] United States,-77.0369,38.9072,1907,"Assistant chief, then chief of boundaries",[NEEDS REVIEW] United States,-77.0369,38.9072,1908,"Assistant chief, office of lands","Portland, OR",-122.6765,45.5231,since 1908,"Forest supervisor of Columbia National Forest, Washington, headquarters in Portland",,,,,,,,,,,,,,,,,,,,,,,,,,1905 (Non-Graduate)
Gardiner Watkins,N,"[NEEDS REVIEW] Princeton, NJ",-74.6672,40.3573,"Princeton, NJ",-74.6672,40.3573,1903,B.A. at Princeton University,,,,,,,,,,,,,,,,,,,,,,,,,,"New Haven, CT",-72.9279,41.3083,,"Yale Forest School (non-graduate), Class of 1905","New York City, NY",-74.006,40.7128,,Registered at the Yale Forest School during the Junior year (no further information; current address New York City),,,,,,,,,,,,,,,,,,,,,,,,,,,,,,,,,,,,,,,,,1905 (Non-Graduate)
Arnot W. Whetstone,N,"[NEEDS REVIEW] Van Buren, OH",-83.651,41.137,"Columbus, OH",-82.9988,39.9612,1903,M.A. at Ohio State University,,,,,,,,,,,,,,,,,,,,,,,,,,"New Haven, CT",-72.9279,41.3083,,"Yale Forest School (non-graduate), Class of 1905","[NEEDS REVIEW] Van Buren, OH",-83.651,41.137,,"Registered at the Forest School during part of the Junior year (no further information; current address Van Buren, Ohio)",,,,,,,,,,,,,,,,,,,,,,,,,,,,,,,,,,,,,,,,,1905 (Non-Graduate)
Edmund J. Zavitz,N,"Ridgeway, Ontario",-79.054,42.887,"Woodstock, Ontario",-80.7467,43.1306,,Woodstock College,"Toronto, Ontario",-79.3832,43.6532,1903,B.A. from McMaster University,,,,,,,,,,,,,,,,,,,,,"New Haven, CT",-72.9279,41.3083,,"Yale Forest School (non-graduate), Class of 1905","Guelph, Ontario",-80.2482,43.5448,,Forester at the Ontario Agricultural College and in the Department of Agriculture of Ontario,,,,,,,,,,,,,,,,,,,,,,,,,,,,,,,,,,,,,,,,,1905 (Non-Graduate)
J. Howard Allison,Y,"East Granby, CT",-72.737,41.9579,"East Granby, CT",-72.737,41.9579,,District schools in East Granby and Granby,"Hartford, CT",-72.6851,41.7637,,Hartford High School,"New Haven, CT",-72.9279,41.3083,1905,Graduated from the Sheffield Scientific School at Yale,,,,,,,,,,,,,,,,"New Haven, CT",-72.9279,41.3083,1904-1906,"Yale Forest School, M.F. degree, Class of 1906","[NEEDS REVIEW - RESEARCHED] Flagstaff, AZ",-111.6513,35.1983,1906-1909,"Forest assistant; general administration on the Coconino (old San Francisco Mountains) National Forest, then in charge of the Coconino reconnaissance party","[NEEDS REVIEW - RESEARCHED] Albuquerque, NM",-106.6504,35.0844,1909-1911,Inspecting reconnaissance work / in charge of field parties in District 3,"[NEEDS REVIEW - RESEARCHED] Albuquerque, NM",-106.6504,35.0844,1912-1913,"In charge of reconnaissance and the office of Geography, District 3","St. Paul, MN",-93.09,44.9444,since 1913,"Teaching at the College of Forestry, University Farm, St. Paul",,,,,,,,,,,,,,,,,,,,,,,,,,1906 (M.F.)
Fred E. Ames,Y,"Spencer, MA",-71.9926,42.2426,"Spencer, MA",-71.9926,42.2426,,David Prouty High School,"Cambridge, MA",-71.1097,42.3736,1899-1903,"Lawrence Scientific School, Harvard; B.A. at Harvard 1903","Boston, MA",-71.0589,42.3601,1903-1904,Employed in a banking house in Boston,,,,,,,,,,,,,,,,"New Haven, CT",-72.9279,41.3083,1904-1906,"Yale Forest School, M.F. degree, Class of 1906","Washington, DC",-77.0369,38.9072,1906-1907,"Forest assistant, headquarters at Washington, D. C.; assigned to Santa Catalina National Forest, Arizona","Portland, OR",-122.6765,45.5231,1907,"Assistant inspector, headquarters at Portland, Ore.","Portland, OR",-122.6765,45.5231,1907-1908,Inspector; general inspection of forests in Oregon and Washington,"Portland, OR",-122.6765,45.5231,1908-1910,"Chief of silviculture, District 6","Portland, OR",-122.6765,45.5231,since 1910,"Assistant district forester in charge of the office of silviculture, District 6",,,,,,,,,,,,,,,,,,,,,1906 (M.F.)
Martin L. Erickson,Y,"Saint Olaf, IA",-91.3833,42.9536,"Flandreau, SD",-96.5984,44.0492,,High school at Flandreau,"Brookings, SD",-96.7984,44.3114,1901,South Dakota State Agricultural College,"St. Paul, MN",-93.09,44.9444,1903,Graduated from the Agricultural Department of the University of Minnesota,,,,,,,,,,,,,,,,"New Haven, CT",-72.9279,41.3083,1904-1906,"Yale Forest School, M.F. degree, Class of 1906","Medford, OR",-122.8756,42.3265,since 1908,"Supervisor of the Crater National Forest, headquarters at Medford, Ore.",,,,,,,,,,,,,,,,,,,,,,,,,,,,,,,,,,,,,,,,,1906 (M.F.)
Dennis C. A. Galarneau,Y,"Holyoke, MA",-72.6162,42.2042,"Holyoke, MA",-72.6162,42.2042,,Holyoke High School,"Medford, MA",-71.1067,42.4184,1904,B.A. from Tufts College,,,,,,,,,,,,,,,,,,,,,"New Haven, CT",-72.9279,41.3083,1904-1906,"Yale Forest School, M.F. degree, Class of 1906",[NEEDS REVIEW] United States,-77.0369,38.9072,1906-1910,Forest assistant in the United States Forest Service,"[NEEDS REVIEW - RESEARCHED] Sayabec, QC",-67.6877,48.409,1910-1911,"Forester for John Fenderson & Company of Sayabec, Quebec","Springfield, MA",-72.5898,42.1015,1911,"Hampden Lumber Company, Springfield, Mass.","Vancouver, BC",-123.1207,49.2827,1911,"Cruiser for Clark & Lyford, forest engineers of Vancouver, B. C.","Montreal, QC",-73.5673,45.5017,1911-1912,"Same position with Lyford, Clark & Lyford of Montreal","Montreal, QC",-73.5673,45.5017,since 1912,Assistant forester for the Canadian Pacific Railway of Montreal,,,,,,,,,,,,,,,,1906 (M.F.)
John D. Guthrie,Y,"Charlotte Courthouse, VA",-78.6386,37.054,"Charlotte Courthouse, VA",-78.6386,37.054,,Charlotte (Va.) High School,"Schenectady, NY",-73.9396,42.8142,1902,Ph.B. from Union College,[NEEDS REVIEW] Tennessee,-86.7816,36.1627,1902-1904,"Employed in the U.S. Forest Service in Tennessee, Maine, Texas, New Mexico, California and Utah (student assistant, forest expert, forest agent)",,,,,,,,,,,,,,,,"New Haven, CT",-72.9279,41.3083,1904-1906,"Yale Forest School, M.F. degree, Class of 1906","[NEEDS REVIEW - RESEARCHED] Springerville, AZ",-109.3625,34.1336,1906-1908,Forest assistant in the United States Forest Service,"[NEEDS REVIEW - RESEARCHED] Springerville, AZ",-109.3625,34.1336,since 1908,"Deputy forest supervisor, then supervisor in charge of the Apache National Forest, Arizona",,,,,,,,,,,,,,,,,,,,,,,,,,,,,,,,,,,,1906 (M.F.)
"James A. Howarth, Jr.",Y,"New Haven, CT",-72.9279,41.3083,"New Haven, CT",-72.9279,41.3083,,New Haven High School,"New Haven, CT",-72.9279,41.3083,1893-1894,Sheffield Scientific School at Yale,"New Haven, CT",-72.9279,41.3083,1896,LL.B. cum laude from the Yale Law School,,,,,,,,,,,,,,,,"New Haven, CT",-72.9279,41.3083,1904-1906,"Yale Forest School, M.F. degree, Class of 1906",[NEEDS REVIEW] Wisconsin,-89.4012,43.0731,1906-1909,"Forest assistant, assigned to Indian reservations in Wisconsin and Minnesota","[NEEDS REVIEW - RESEARCHED] Duluth, MN",-92.1005,46.7867,1909-1910,"Forest assistant, Superior National Forest, Minnesota","[NEEDS REVIEW - RESEARCHED] Duluth, MN",-92.1005,46.7867,1910-1911,Leave of absence; selling Duluth real estate,"[NEEDS REVIEW - RESEARCHED] Cloquet, MN",-92.4593,46.7216,1911,"Forest assistant, Fond du Lac Reservation, Minnesota (Indian Service)","Cloquet, MN",-92.4593,46.7216,since 1911,Superintendent in the Indian Service at Cloquet,,,,,,,,,,,,,,,,,,,,,1906 (M.F.)
Frederick W. H. Jacombe,Y,"Guelph, Ontario",-80.2482,43.5448,"Guelph, Ontario",-80.2482,43.5448,,Guelph (Ont.) High School,"Toronto, Ontario",-79.3832,43.6532,1896,B.A. from the University of Toronto (M.A. 1898),,,,,,,,,,,,,,,,,,,,,"New Haven, CT",-72.9279,41.3083,1904-1906,"Yale Forest School, M.F. degree, Class of 1906","Ottawa, Ontario",-75.6972,45.4215,,"Forestry Branch of the Department of the Interior, Ottawa; secretary-treasurer of the Canadian Society of Forest Engineers (1908-12); assistant secretary of the Canadian Forestry Association",,,,,,,,,,,,,,,,,,,,,,,,,,,,,,,,,,,,,,,,,1906 (M.F.)
Sydney L. Moore,Y,"St. Louis, MO",-90.1994,38.627,"St. Louis, MO",-90.1994,38.627,,Public schools in St. Louis,"Princeton, NJ",-74.6672,40.3573,1904,B.A. from Princeton University,,,,,,,,,,,,,,,,,,,,,"New Haven, CT",-72.9279,41.3083,1904-1906,"Yale Forest School, M.F. degree, Class of 1906","[NEEDS REVIEW - RESEARCHED] Twin Falls, ID",-114.4609,42.5629,1906-1907,"Forest assistant, Sawtooth National Forest, Idaho; general forest administration","[NEEDS REVIEW - RESEARCHED] Great Falls, MT",-111.3008,47.5002,1907-1908,"Lewis and Clarke National Forest, Montana; timber reconnaissance with Northern Pacific Railroad","Denver, CO",-104.9903,39.7392,1908,"Forest inspector, headquarters at Denver, Colo.","Denver, CO",-104.9903,39.7392,1908-1909,"Assistant chief of silviculture, District 2, Denver","Denver, CO",-104.9903,39.7392,1909-1913,Assistant district forester in charge of silviculture at Denver,"New York City, NY",-74.006,40.7128,since 1913,"R. R. Sizer & Company, timber brokers, New York City",,,,,,,,,,,,,,,,1906 (M.F.)
Andrew E. Oman,Y,"Leonardville, KS",-96.8597,39.3636,"Manhattan, KS",-96.5717,39.1836,1900,B.S. from Kansas State Agricultural College,[NEEDS REVIEW] Kansas,-95.689,39.0473,1900-1903,"Taught three winters in the public schools, working summers on the farm",,,,,,,,,,,,,,,,,,,,,"New Haven, CT",-72.9279,41.3083,1904-1906,"Yale Forest School, M.F. degree, Class of 1906","Washington, DC",-77.0369,38.9072,1906-1909,"Forest assistant in the office of forest extension, Washington, D. C.","[NEEDS REVIEW - RESEARCHED] Weiser, ID",-116.9693,44.251,since 1909,"Forest assistant, headquarters in the Weiser National Forest, Idaho","Logan, UT",-111.8338,41.737,1912,"Taught a ranger short course in forestry at Utah Agricultural College, Logan, Utah",,,,,,,,,,,,,,,,,,,,,,,,,,,,,,,1906 (M.F.)
Arthur D. Read,Y,"Quincy, IL",-91.4098,39.9356,"Emporia, KS",-96.1817,38.4039,,"Public schools in Emporia, Kans.","Emporia, KS",-96.1817,38.4039,1903,B.A. from the College of Emporia,,,,,,,,,,,,,,,,,,,,,"New Haven, CT",-72.9279,41.3083,1904-1906,"Yale Forest School, M.F. degree, Class of 1906",[NEEDS REVIEW] United States,-77.0369,38.9072,1906-1908,Forest assistant in the Service,"[NEEDS REVIEW - RESEARCHED] Albuquerque, NM",-106.6504,35.0844,1908-1910,Supervisor (District 3 headquarters Albuquerque),"[NEEDS REVIEW - RESEARCHED] Albuquerque, NM",-106.6504,35.0844,1910-1911,Deputy supervisor,"Washington, DC",-77.0369,38.9072,since 1911,"Examiner in the United States Forest Service, Washington office; grazing reconnaissance; district headquarters Albuquerque, N. Mex.",,,,,,,,,,,,,,,,,,,,,,,,,,1906 (M.F.)
Arthur B. Recknagel,Y,"Brooklyn, NY",-73.9442,40.6782,"Great Neck, NY",-73.7285,40.8001,,"Bedford Military Academy, Great Neck, L. I.","Brooklyn, NY",-73.9442,40.6782,,"Adelphi Academy, Brooklyn","New Haven, CT",-72.9279,41.3083,1904,Graduated from Yale College,,,,,,,,,,,,,,,,"New Haven, CT",-72.9279,41.3083,1904-1906,"Yale Forest School, M.F. degree, Class of 1906","[NEEDS REVIEW - RESEARCHED] Santa Fe, NM",-105.9378,35.687,1906,"Forest assistant; timber sale examinations on the Jemez, Carson and Pecos National forests","[NEEDS REVIEW - RESEARCHED] Flagstaff, AZ",-111.6513,35.1983,1906-1907,"Beaver National Forest, Utah, then Coconino National Forest, Flagstaff; growth studies, marking, estimates","Washington, DC",-77.0369,38.9072,1907-1908,"Timber sale detail; congressional tours in Georgia, woodlot examination in Tennessee; acting chief of section of reconnaissance, office of management","[NEEDS REVIEW - RESEARCHED] Albuquerque, NM",-106.6504,35.0844,1908-1911,"Assistant chief of silviculture, District 3","Dresden, Germany",13.7373,51.0504,1911-1912,"Leave of absence in Europe; Forst Akademie, Eberswalde; study at Tharandt; settled at Dresden","Ithaca, NY",-76.5019,42.444,since 1913,"Professor of forestry, New York State College of Agriculture at Cornell University",,,,,,,,,,,,,,,,1906 (M.F.)
Alexander H. D. Ross,Y,"Carleton Place, Ontario",-76.143,45.1391,"Carleton Place, Ontario",-76.143,45.1391,,Carleton Place High School,"Kingston, Ontario",-76.486,44.2312,,Kingston Collegiate Institute,"Kingston, Ontario",-76.486,44.2312,1888,B.A. from Queen's University (M.A. 1889),[NEEDS REVIEW] Ontario,-79.3832,43.6532,1889-1902,Taught thirteen years in the Ontario high schools and Collegiate Institute,,,,,,,,,,,"New Haven, CT",-72.9279,41.3083,1904-1906,"Yale Forest School, M.F. degree, Class of 1906","Ottawa, Ontario",-75.6972,45.4215,1906-1907,"Technical assistant, Forestry Branch, Department of the Interior, Ottawa","Toronto, Ontario",-79.3832,43.6532,since 1907,Lecturer in forestry at the University of Toronto,"Calgary, AB",-114.0719,51.0447,since 1912,"Consulting forester, Department of Natural Resources of the Canadian Pacific Railway, Calgary",,,,,,,,,,,,,,,,,,,,,,,,,,,,,,,1906 (M.F.)
Robert Y. Stuart,Y,"Carlisle, PA",-77.1889,40.2014,"Carlisle, PA",-77.1889,40.2014,,Carlisle (Pa.) High School,"Carlisle, PA",-77.1889,40.2014,1903,B.A. from Dickinson (M.A. 1906),"New Kensington, PA",-79.765,40.5695,1903-1904,"Traveling sales agent for the Aluminum Cooking Utensil Company of New Kensington, Pa.",[NEEDS REVIEW] United States,-77.0369,38.9072,1905,"Forest student in the U.S. Forest Service (summer, before graduating)",,,,,,,,,,,"New Haven, CT",-72.9279,41.3083,1904-1906,"Yale Forest School, M.F. degree, Class of 1906",[NEEDS REVIEW] United States,-77.0369,38.9072,1906-1908,Forest assistant,[NEEDS REVIEW] United States,-77.0369,38.9072,1908,Forest inspector,"[NEEDS REVIEW - RESEARCHED] Missoula, MT",-113.994,46.8721,1908-1910,"Assistant chief of operation, District 1","[NEEDS REVIEW - RESEARCHED] Missoula, MT",-113.994,46.8721,1910-1913,"District forester, District 1, headquarters at Missoula, Montana","Washington, DC",-77.0369,38.9072,since 1913,"Forest inspector in the department of silviculture, Washington office",,,,,,,,,,,,,,,,,,,,,1906 (M.F.)
Horace F. Studley,Y,"Rockland, MA",-70.9162,42.1303,"Rockland, MA",-70.9162,42.1303,,Rockland (Mass.) High School,"Cambridge, MA",-71.1097,42.3736,1905,B.A. at Harvard,,,,,,,,,,,,,,,,,,,,,"New Haven, CT",-72.9279,41.3083,1904-1906,"Yale Forest School, M.F. degree, Class of 1906","[NEEDS REVIEW - RESEARCHED] Provo, UT",-111.6585,40.2338,1906-1907,"Forest assistant on the Uinta National Forest, Utah",[NEEDS REVIEW] Texas,-97.7431,30.2672,1907-1908,"Special agent, bureau of corporations; work in Texas, Arkansas and Mississippi","[NEEDS REVIEW - RESEARCHED] Nephi, UT",-111.8366,39.7102,1909-1911,"Deputy supervisor, Uinta Forest; acting supervisor then supervisor of the Nebo Forest, Utah","Rochester, NH",-70.975,43.3045,since 1911,"Salesman with the Studley Box & Lumber Company of Rochester, N. H.",,,,,,,,,,,,,,,,,,,,,,,,,,1906 (M.F.)
W. Hoyt Weber,Y,"New York City, NY",-74.006,40.7128,"Stamford, CT",-73.5387,41.0534,,"King's School, Stamford, and with a tutor","Middletown, CT",-72.6554,41.5623,1903,B.A. from Wesleyan University,,,,,,,,,,,,,,,,,,,,,"New Haven, CT",-72.9279,41.3083,1904-1906,"Yale Forest School, M.F. degree, Class of 1906","New York City, NY",-74.006,40.7128,1907-1908,"Consulting forester; some time with the Gunn Richards Company, public accountants","New York City, NY",-74.006,40.7128,since 1908,"Vice president of the Munson-Whitaker Company, a forestry concern of New York City",,,,,,,,,,,,,,,,,,,,,,,,,,,,,,,,,,,,1906 (M.F.)
George A. Wilmot,Y,"Dublin, Ireland",-6.2603,53.3498,"[NEEDS REVIEW - RESEARCHED] Grahamstown, South Africa",26.5328,-33.305,,"St. Aiden's School, Grahamstown, South Africa","Canterbury, England",1.083,51.2802,,"St. Mary's School, Canterbury, England","[NEEDS REVIEW - RESEARCHED] Cape Town, South Africa",18.4241,-33.9249,1895,Graduated at the University of the Cape of Good Hope,"Katwijk, Holland",4.3989,52.2014,1896,"Graduated at Katwijk, Holland",,,,,,,,,,,"New Haven, CT",-72.9279,41.3083,1904-1906,"Yale Forest School, M.F. degree, Class of 1906","[NEEDS REVIEW - RESEARCHED] Cape Town, South Africa",18.4241,-33.9249,since 1906,"Instructor in the Forest School at Cape Town, South Africa; later reported in the office of the Jokai Retreat (no further information)",,,,,,,,,,,,,,,,,,,,,,,,,,,,,,,,,,,,,,,,,1906 (M.F.)
Rudo L. Fromme,Y,"Saint Paris, OH",-83.9586,40.1326,"Richmond, IN",-84.8902,39.8289,,"High school in Richmond, Ind.","Lafayette, IN",-86.8753,40.4167,1901-1902,Purdue University,"Columbus, OH",-82.9988,39.9612,1905,B.S. from Ohio State University,[NEEDS REVIEW] United States,-77.0369,38.9072,1905,"Forest student (three months, summer 1905)",,,,,,,,,,,"New Haven, CT",-72.9279,41.3083,,"Yale Forest School (certificate, not degree), Class of 1906","[NEEDS REVIEW - RESEARCHED] Priest River, ID",-116.9117,48.1808,1906-1907,"Forest assistant, old Priest River (now Kaniksu) National Forest, Northern Idaho","Newport, WA",-117.041,48.1801,1907-1908,"In charge of the Kaniksu forest, headquarters at Newport, Wash.","San Francisco, CA",-122.4194,37.7749,1908-1909,"Chief of operation, San Francisco district office","[NEEDS REVIEW - RESEARCHED] Yreka, CA",-122.6345,41.7354,1909,Supervisor of the Klamath National Forest,"[NEEDS REVIEW - RESEARCHED] Grants Pass, OR",-123.3284,42.439,1909-1910,"In charge of the Siskiyou National Forest, Southwestern Oregon","Olympia, WA",-122.9007,47.0379,since 1912,"Supervisor of the Olympic National Forest, headquarters at Olympia, Wash.",,,,,,,,,,,,,,,,"1906 (Certificate, not degree)"
Ford D. Bacon,N,"[NEEDS REVIEW] Harveyville, PA",-76.15,41.162,"Lewisburg, PA",-76.8861,40.9648,1904,Graduated from Bucknell University,,,,,,,,,,,,,,,,,,,,,,,,,,"New Haven, CT",-72.9279,41.3083,,"Yale Forest School (non-graduate), Class of 1906","[NEEDS REVIEW] Harveyville, PA",-76.15,41.162,,"No information furnished (current address Harveyville, Pa.)",,,,,,,,,,,,,,,,,,,,,,,,,,,,,,,,,,,,,,,,,1906 (Non-Graduate)
Jacob F. Bitner,N,"Penn Hall, PA",-77.4458,40.8479,"Spring Mills, PA",-77.4458,40.8479,,Spring Mills (Pa.) Academy,"Lancaster, PA",-76.3055,40.0379,1904,Graduated from Franklin and Marshall College,,,,,,,,,,,,,,,,,,,,,"New Haven, CT",-72.9279,41.3083,,"Yale Forest School (non-graduate), Class of 1906","[NEEDS REVIEW - RESEARCHED] Centre Hall, PA",-77.6814,40.8479,,Taught one term at the Center Hall (Pa.) High School; agent for the Morris Cigar house,"Hartford, CT",-72.6851,41.7637,,"Agent for the Capewell Horse Nail Company of Hartford, Conn.",[NEEDS REVIEW] Alabama,-86.3009,32.3668,,"U.S. Geological Survey; worked in Alabama, Tennessee, Kentucky, Indiana, Ohio, West Virginia, Illinois and Michigan","Racine, WI",-87.7826,42.7261,1911-1912,"Wholesale agent for the Racine Lumber and Manufacturing Company of Racine, Wis.",,,,,,,,,,,,,,,,,,,,,,,,,,"1906 (Non-Graduate, deceased 1912)"
Edward G. Cheyney,N,"Washington, DC",-77.0369,38.9072,"Washington, DC",-77.0369,38.9072,,Western High School,"Ithaca, NY",-76.5019,42.444,1900,B.A. from Cornell University,"Chicago, IL",-87.6298,41.8781,1900-1901,Employed by the Deering Harvester Company of Chicago,"Brunswick, MD",-77.6291,39.314,1901-1902,"Baltimore & Ohio Railroad at Brunswick, Md.","Apalachicola, FL",-84.9831,29.7261,1902-1903,"Tutored in Apalachicola, Fla.",[NEEDS REVIEW] United States,-77.0369,38.9072,1903-1904,Student assistant in the Forest Service,"New Haven, CT",-72.9279,41.3083,,"Yale Forest School (non-graduate), Class of 1906","St. Paul, MN",-93.09,44.9444,1905-1911,"Assistant, then instructor, then assistant professor of forestry, University of Minnesota","St. Paul, MN",-93.09,44.9444,since 1911,"Professor of forestry and director of the College of Forestry, University of Minnesota",,,,,,,,,,,,,,,,,,,,,,,,,,,,,,,,,,,,1906 (Non-Graduate)
Galen S. Cleland,N,"[NEEDS REVIEW] Wells, ME",-70.5817,43.3222,,,,,,,,,,,,,,,,,,,,,,,,,,,,,,,"New Haven, CT",-72.9279,41.3083,,"Yale Forest School (non-graduate), Class of 1906","[NEEDS REVIEW - RESEARCHED] Calais, ME",-67.2776,45.1856,,"Private work in Calais, Maine","[NEEDS REVIEW - RESEARCHED] Grand-Mere, QC",-72.6843,46.6052,1907,"With the Laurentide Company, Grand Mere, Canada",,,,,,,,,,,,,,,,,,,,,,,,,,,,,,,,,,,,1906 (Non-Graduate)
Walter O. Filley,N,"New Haven, CT",-72.9279,41.3083,"New Haven, CT",-72.9279,41.3083,,Hillhouse High School,"Rochester, NH",-70.975,43.3045,,"Ten years in the photographic business, including eighteen months with the Eastman Kodak Company (Rochester, N. Y.)",,,,,,,,,,,,,,,,,,,,,"New Haven, CT",-72.9279,41.3083,,"Yale Forest School (non-graduate), Class of 1906","New Haven, CT",-72.9279,41.3083,,Acting state forester of Connecticut; assistant instructor in the Yale Forest School; assistant in forestry at the Connecticut Agricultural Experiment Station,"New Haven, CT",-72.9279,41.3083,1911-1912,"Assistant state forester (Oct. 1911), then state forester of Connecticut (Sept. 1912)",,,,,,,,,,,,,,,,,,,,,,,,,,,,,,,,,,,,1906 (Non-Graduate)
Gay E. Hills,N,"Swanzey, NH",-72.2787,42.8709,"Keene, NH",-72.2787,42.9336,,Keene (N. H.) High School,"Hanover, NH",-72.2895,43.7022,1904,B.A. from Dartmouth College,,,,,,,,,,,,,,,,,,,,,"New Haven, CT",-72.9279,41.3083,,"Yale Forest School (non-graduate), Class of 1906","Plainville, CT",-72.8581,41.6726,,"Employed by the Trumbull Electric Company of Plainville, Conn.",,,,,,,,,,,,,,,,,,,,,,,,,,,,,,,,,,,,,,,,,"1906 (Non-Graduate, deceased 1911)"
Elmer R. Hodson,N,"Salem, IA",-91.817,40.855,"Ames, IA",-93.625,42.0308,1898,B.S. from Iowa State College (M.S. 1900),,,,,,,,,,,,,,,,,,,,,,,,,,"New Haven, CT",-72.9279,41.3083,,"Yale Forest School (non-graduate), Class of 1906",[NEEDS REVIEW] North Carolina,-78.6382,35.7796,1905,Forest assistant; Carolina pine belt,[NEEDS REVIEW] New Mexico,-105.9378,35.687,1906,New Mexico and Colorado,[NEEDS REVIEW] Montana,-112.0361,46.5927,1907,Montana and Wyoming,[NEEDS REVIEW] Colorado,-104.9903,39.7392,1908,Colorado,"Ogden, UT",-111.9738,41.223,since 1908,"Forest examiner in charge of silvics, District 4, headquarters at Ogden, Utah",,,,,,,,,,,,,,,,,,,,,1906 (Non-Graduate)
J. Osborne Hopwood,N,"Philadelphia, PA",-75.1652,39.9526,"Philadelphia, PA",-75.1652,39.9526,,Philadelphia schools,"Ithaca, NY",-76.5019,42.444,,Cornell University (one year),"Philadelphia, PA",-75.1652,39.9526,1904,B.S. from the University of Pennsylvania,"New Haven, CT",-72.9279,41.3083,1907,M.S. from Yale University,,,,,,,,,,,"New Haven, CT",-72.9279,41.3083,,"Yale Forest School (non-graduate), Class of 1906","[NEEDS REVIEW - RESEARCHED] Portsmouth, NH",-70.7626,43.0718,1906-1907,"Chemist and forest adviser to the Publishers Paper Company of Portsmouth, N. H.","Marion, IN",-85.6592,40.5584,1908,"Head of the department of biology, Marion Normal College, Marion, Ind.","Philadelphia, PA",-75.1652,39.9526,since 1909,"Teacher of natural sciences, Central High School, Philadelphia",,,,,,,,,,,,,,,,,,,,,,,,,,,,,,,1906 (Non-Graduate)
Thomas P. Ivy,N,"Warsaw, AL",-88.0742,32.34,"Cambridge, MA",-71.1097,42.3736,1881,B.A. at Harvard,"Atlanta, GA",-84.388,33.749,,"Private banker in Atlanta, Ga. (many years)",,,,,,,,,,,,,,,,,,,,,"New Haven, CT",-72.9279,41.3083,,"Yale Forest School (non-graduate), Class of 1906","Conway, NH",-71.1287,43.9787,,"Forest engineering in Conway Center, N. H.",,,,,,,,,,,,,,,,,,,,,,,,,,,,,,,,,,,,,,,,,1906 (Non-Graduate)
John E. Keach,N,"Northampton, MA",-72.6309,42.3251,"Northampton, MA",-72.6309,42.3251,,Northampton High School and Andover,"New Haven, CT",-72.9279,41.3083,1900,B.A. from Yale,,,,,,,,,,,,,,,,,,,,,"New Haven, CT",-72.9279,41.3083,,"Yale Forest School (non-graduate), Class of 1906",[NEEDS REVIEW] Montana,-112.0361,46.5927,1906-1908,"Forest assistant on the Absaroka (Mont.), Payette (Idaho), Helena (Mont.), Medicine Bow (Wyo.) and Arkansas (Ark.) national forests","[NEEDS REVIEW - RESEARCHED] Missoula, MT",-113.994,46.8721,1908-1910,"Office work, District 1, Missoula, Mont.","[NEEDS REVIEW - RESEARCHED] Missoula, MT",-113.994,46.8721,1910-1912,"Saranac Nursery (Lolo NF), Boulder Nursery (Helena NF), St. Joe NF (Idaho)","[NEEDS REVIEW - RESEARCHED] Missoula, MT",-113.994,46.8721,since 1913,"Assistant on the Lolo National Forest, Montana",,,,,,,,,,,,,,,,,,,,,,,,,,1906 (Non-Graduate)
Albert H. Pierson,N,"East Orange, NJ",-74.2049,40.7673,"Newark, NJ",-74.1724,40.7357,,Newark Academy,"Princeton, NJ",-74.6672,40.3573,1899,B.A. from Princeton University,"[NEEDS REVIEW - RESEARCHED] Asheville, NC",-82.5515,35.5951,,About two years at Biltmore Forest School and abroad,[NEEDS REVIEW] United States,-77.0369,38.9072,1903-1904,Forest student in the Forest Service,,,,,,,,,,,"New Haven, CT",-72.9279,41.3083,,"Yale Forest School (non-graduate), Class of 1906","Washington, DC",-77.0369,38.9072,since 1910,"Statistician in forest products, Department of Agriculture, Washington, D. C.",,,,,,,,,,,,,,,,,,,,,,,,,,,,,,,,,,,,,,,,,1906 (Non-Graduate)
W. Kerr Rainsford,N,"[NEEDS REVIEW] Ridgefield, CT",-73.4926,41.2815,,,,,,,,,,,,,,,,,,,,,,,,,,,,,,,"New Haven, CT",-72.9279,41.3083,,"Yale Forest School (non-graduate), Class of 1906","Boston, MA",-71.0589,42.3601,,"With Allen & Collens, architects, Boston, Mass.",,,,,,,,,,,,,,,,,,,,,,,,,,,,,,,,,,,,,,,,,1906 (Non-Graduate)
Jerome H. Ramskill,N,"Chicago, IL",-87.6298,41.8781,[NEEDS REVIEW] Maryland,-76.6122,39.2904,,"Early days in Maryland and Washington, D. C.; attended high school","Ithaca, NY",-76.5019,42.444,1902-1903,"Cornell, until the Forest School was discontinued in 1903",,,,,,,,,,,,,,,,,,,,,"New Haven, CT",-72.9279,41.3083,,"Yale Forest School (non-graduate), Class of 1906","[NEEDS REVIEW - RESEARCHED] Panguitch, UT",-112.4358,37.8226,1905-1906,"Forest assistant, Sevier Forest Reserve, Utah","[NEEDS REVIEW - RESEARCHED] Leadville, CO",-106.2934,39.2508,1906-1907,"Leadville National Forest, Colorado","Delta, CO",-108.0703,38.7442,since 1907,"Uncompahgre National Forest, Colorado",,,,,,,,,,,,,,,,,,,,,,,,,,,,,,,1906 (Non-Graduate)
Charles A. Scott,N,"Westmoreland, KS",-96.4117,39.3936,"Manhattan, KS",-96.5717,39.1836,1901,B.S.A. from Kansas State Agricultural College,[NEEDS REVIEW] United States,-77.0369,38.9072,1901-1904,Employed in the U.S. Forest Service from graduation until entering Yale,,,,,,,,,,,,,,,,,,,,,"New Haven, CT",-72.9279,41.3083,,"Yale Forest School (non-graduate), Class of 1906",[NEEDS REVIEW] United States,-77.0369,38.9072,1905-1907,"Forest assistant (1905), then forest supervisor (1906-1907)","Ames, IA",-93.625,42.0308,1907-1910,Professor of forestry at Iowa State College,"Manhattan, KS",-96.5717,39.1836,since 1910,State forester and professor of forestry at the Kansas State Agricultural College,,,,,,,,,,,,,,,,,,,,,,,,,,,,,,,1906 (Non-Graduate)
Alpheus O. Waha,N,"Erie, PA",-80.0852,42.1292,"Erie, PA",-80.0852,42.1292,,Erie High School,[NEEDS REVIEW] Pennsylvania,-77.1945,41.2033,,Worked with a manufacturing concern for two years,"New Haven, CT",-72.9279,41.3083,1901,Yale Summer School of Forestry,[NEEDS REVIEW] Maryland,-76.6122,39.2904,1901-1904,"Student assistant in the Bureau of Forestry in Maryland, Tennessee, New York, Maine, Texas and Alabama",,,,,,,,,,,"New Haven, CT",-72.9279,41.3083,,"Yale Forest School (non-graduate), Class of 1906","[NEEDS REVIEW - RESEARCHED] Silver City, NM",-108.2734,32.7701,1905-1907,"Forest assistant, Gila National Forest, New Mexico","[NEEDS REVIEW - RESEARCHED] Albuquerque, NM",-106.6504,35.0844,1907-1908,Forest inspector of District 3,"Albuquerque, NM",-106.6504,35.0844,since 1908,"Assistant district forester, headquarters at Albuquerque, N. Mex.",,,,,,,,,,,,,,,,,,,,,,,,,,,,,,,1906 (Non-Graduate)
John P. Wentling,N,"Knox, PA",-79.5389,41.2287,"Clarion, PA",-79.3853,41.2151,,Clarion (Pa.) College Institute,"Lancaster, PA",-76.3055,40.0379,1902,Graduated at Franklin and Marshall College,[NEEDS REVIEW] United States,-77.0369,38.9072,1902-1904,Government work in forestry in various parts of the United States before entering Yale,,,,,,,,,,,,,,,,"New Haven, CT",-72.9279,41.3083,,"Yale Forest School (non-graduate), Class of 1906",[NEEDS REVIEW] United States,-77.0369,38.9072,1905-1906,Forest assistant in the United States Forest Service,"Mont Alto, PA",-77.5544,39.8401,1906-1908,Professor of forestry at the Pennsylvania State Forest Academy,"St. Paul, MN",-93.09,44.9444,since 1908,"Assistant, then associate professor of forestry, University of Minnesota",[NEEDS REVIEW] Pennsylvania,-77.1945,41.2033,1912-1913,In charge of chestnut wood utilization for the Pennsylvania Chestnut Blight Commission,,,,,,,,,,,,,,,,,,,,,,,,,,1906 (Non-Graduate)
Leslie L. White,N,"Oskaloosa, IA",-92.6443,41.2959,"[NEEDS REVIEW - RESEARCHED] Gettysburg, PA",-77.2311,39.8309,,B.S. at Pennsylvania College,"Ithaca, NY",-76.5019,42.444,,Cornell Forestry School (one year),,,,,,,,,,,,,,,,,,,,,"New Haven, CT",-72.9279,41.3083,,"Yale Forest School (non-graduate), Class of 1906","[NEEDS REVIEW - RESEARCHED] Ogden, UT",-111.9738,41.223,1905-1911,"Bureau of Forestry, District 4; silvicultural work (left April 1911; no further information)",,,,,,,,,,,,,,,,,,,,,,,,,,,,,,,,,,,,,,,,,1906 (Non-Graduate)
William B. Barrows,Y,"Matthewson, KS",-95.7,37.3,"Boston, MA",-71.0589,42.3601,,"Edward Everett School, Boston Latin School, Mechanic Arts High School (Boston)","Lakeville, CT",-73.436,41.9601,,Hotchkiss School,"New York City, NY",-74.006,40.7128,1905,B.A. from Columbia University,,,,,,,,,,,,,,,,"New Haven, CT",-72.9279,41.3083,1905-1907,"Yale Forest School, M.F. degree, Class of 1907","Washington, DC",-77.0369,38.9072,since 1907,"Forest assistant; in charge of the section of forest measurements, Washington office (timber estimating in Montana 1909; forest planting studies in the East and Middle West 1912)",,,,,,,,,,,,,,,,,,,,,,,,,,,,,,,,,,,,,,,,,1907 (M.F.)
Avila Bedard,Y,"Sainte Anne de la Perade, Quebec",-72.1986,46.5757,"Quebec, Canada",-71.208,46.8139,,Primary and commercial schools; classical course at the Seminary of Quebec,"Quebec, Canada",-71.208,46.8139,1905,B.A. from Laval University,,,,,,,,,,,,,,,,,,,,,"New Haven, CT",-72.9279,41.3083,1905-1907,"Yale Forest School, M.F. degree, Class of 1907","Quebec, Canada",-71.208,46.8139,since 1907,"Assistant chief forest engineer, provincial government of Quebec; professor of silviculture at the Quebec Forest School, Laval University (since 1910)",,,,,,,,,,,,,,,,,,,,,,,,,,,,,,,,,,,,,,,,,1907 (M.F.)
"John Bentley, Jr.",Y,"Brooklyn, NY",-73.9442,40.6782,"Brooklyn, NY",-73.9442,40.6782,,Adelphi Academy and Brooklyn High School,"Middletown, CT",-72.6554,41.5623,1904,B.S. from Wesleyan University,,,,,,,,,,,,,,,,,,,,,"New Haven, CT",-72.9279,41.3083,1905-1907,"Yale Forest School, M.F. degree, Class of 1907","[NEEDS REVIEW - RESEARCHED] Mortimer, NC",-81.74,35.97,1907,"Employed in the Ritter Lumber Company of Mortimer, N. C.",[NEEDS REVIEW] United States,-77.0369,38.9072,1908-1911,United States Forest Service,"Ithaca, NY",-76.5019,42.444,since 1912,"Assistant professor of forestry, New York State College of Agriculture, Cornell University",,,,,,,,,,,,,,,,,,,,,,,,,,,,,,,1907 (M.F.)
Ovid M. Butler,Y,"Indianapolis, IN",-86.1581,39.7684,"Indianapolis, IN",-86.1581,39.7684,,Butler Preparatory School,"Indianapolis, IN",-86.1581,39.7684,1902,B.A. from Butler College,[NEEDS REVIEW] United States,-77.0369,38.9072,1902-1903,Student assistant in the Bureau of Forestry (about eight months),"Indianapolis, IN",-86.1581,39.7684,1903-1905,Newspaper work in Indianapolis,,,,,,,,,,,"New Haven, CT",-72.9279,41.3083,1905-1907,"Yale Forest School, M.F. degree, Class of 1907","[NEEDS REVIEW - RESEARCHED] Ogden, UT",-111.9738,41.223,since 1907,"Forest assistant, then deputy forest supervisor, then assistant chief of silviculture; assistant district forester, District 4, headquarters at Ogden, Utah",,,,,,,,,,,,,,,,,,,,,,,,,,,,,,,,,,,,,,,,,1907 (M.F.)
Philip T. Coolidge,Y,"Fall River, MA",-71.155,41.7015,"Cambridge, MA",-71.1097,42.3736,,Cambridge Latin School,"Cambridge, MA",-71.1097,42.3736,1903,B.A. from Harvard University,,,,,,,,,,,,,,,,,,,,,"New Haven, CT",-72.9279,41.3083,1905-1907,"Yale Forest School, M.F. degree, Class of 1907",[NEEDS REVIEW] Colorado,-104.9903,39.7392,1906-1909,"Forest assistant, chiefly in the national forests of Colorado","Colorado Springs, CO",-104.8214,38.8339,1909-1912,"Assistant professor, then professor and director, Colorado School of Forestry, Colorado College","[NEEDS REVIEW - RESEARCHED] Wanakena, NY",-74.95,44.15,since 1912,"Professor of forestry in charge of the New York Ranger School, New York State College of Forestry",,,,,,,,,,,,,,,,,,,,,,,,,,,,,,,1907 (M.F.)
Lincoln Crowell,Y,"Boston, MA",-71.0589,42.3601,"Boston, MA",-71.0589,42.3601,,Mechanic Arts High School,"Orono, ME",-68.6722,44.8834,1906,B.S. from the University of Maine,,,,,,,,,,,,,,,,,,,,,"New Haven, CT",-72.9279,41.3083,1905-1907,"Yale Forest School, M.F. degree, Class of 1907",[NEEDS REVIEW] United States,-77.0369,38.9072,1907-1911,"Forest assistant, then deputy forest supervisor (March 1911)",[NEEDS REVIEW] United States,-77.0369,38.9072,1912,Forest examiner,"Neopit, WI",-88.8295,44.9836,since 1913,"Deputy supervisor of forests, Office of Indian Affairs; general forest work on the Menominee Indian Reservation, stationed at Neopit",,,,,,,,,,,,,,,,,,,,,,,,,,,,,,,1907 (M.F.)
Stephen M. Crowell,Y,"Middletown, CT",-72.6554,41.5623,"Middletown, CT",-72.6554,41.5623,1902,B.Agr. (1902) and B.S. (1905) from the Connecticut Agricultural College,,,,,,,,,,,,,,,,,,,,,,,,,,"New Haven, CT",-72.9279,41.3083,1905-1907,"Yale Forest School, M.F. degree, Class of 1907","Negaunee, MI",-87.6175,46.4994,1907-1908,"Cleveland Cliffs Iron Company, Negaunee, Mich.","Yacolt, WA",-122.4045,45.8651,1908-1909,"Twin Falls Logging Company, Yacolt, Wash.","Boston, MA",-71.0589,42.3601,1912,"Fisher, Bryant & Olmsted of Boston, Mass.","Tacoma, WA",-122.4443,47.2529,,"Weyerhaeuser Timber Company, Tacoma, Wash.; locating logging railroads, mapping and timber cruising",,,,,,,,,,,,,,,,,,,,,,,,,,1907 (M.F.)
Samuel T. Dana,Y,"Portland, ME",-70.2553,43.6591,"Portland, ME",-70.2553,43.6591,,Portland High School,"Brunswick, ME",-69.9653,43.9145,1904,B.A. from Bowdoin College,"Portland, ME",-70.2553,43.6591,1904-1905,Further study and private work at home in Portland,,,,,,,,,,,,,,,,"New Haven, CT",-72.9279,41.3083,1905-1907,"Yale Forest School, M.F. degree, Class of 1907",[NEEDS REVIEW] United States,-77.0369,38.9072,1907-1909,Forest assistant in the Service,"Washington, DC",-77.0369,38.9072,since 1910,"Assistant chief of silvics, United States Forest Service, Washington, D. C.",,,,,,,,,,,,,,,,,,,,,,,,,,,,,,,,,,,,1907 (M.F.)
Raymond Davis,Y,"Portland, ME",-70.2553,43.6591,"Portland, ME",-70.2553,43.6591,,"High school in Portland, Maine","Brunswick, ME",-69.9653,43.9145,1905,B.A. from Bowdoin College,,,,,,,,,,,,,,,,,,,,,"New Haven, CT",-72.9279,41.3083,1905-1907,"Yale Forest School, M.F. degree, Class of 1907","Cloquet, MN",-92.4593,46.7216,1907-1909,"Employed by the Cloquet Lumber Company of Cloquet, Minn., nominally as forester","North Yakima, WA",-120.51,46.602,,"Cashier of the Warren Construction Company; later fruit ranching at North Yakima, Wash.",,,,,,,,,,,,,,,,,,,,,,,,,,,,,,,,,,,,1907 (M.F.)
Nils B. Eckbo,Y,"Kristiania, Norway",10.7522,59.9139,[NEEDS REVIEW] Norway,10.7522,59.9139,,Aars and Voss's and Ragna Nielsen College,"[NEEDS REVIEW - RESEARCHED] Steinkjer, Norway",11.15,64.02,1904,Graduated from the Stenkjar Forest Academy,[NEEDS REVIEW] Maine,-69.4539,44.28,,Lumbering in Maine and New Hampshire,,,,,,,,,,,,,,,,"New Haven, CT",-72.9279,41.3083,1905-1907,"Yale Forest School, M.F. degree, Class of 1907",[NEEDS REVIEW] United States,-77.0369,38.9072,1907-1908,Forestry work in the Northwest and California,[NEEDS REVIEW] Japan,139.6917,35.7648,1908-1909,"Studied forestry in Japan, Germany, Austria and Switzerland","Provo, UT",-111.6585,40.2338,since 1909,"Forestry work in District 4 (Idaho, Utah, Arizona); forest examiner on Uinta National Forest, headquarters at Provo, Utah",,,,,,,,,,,,,,,,,,,,,,,,,,,,,,,1907 (M.F.)
John H. Foster,Y,"Waltham, MA",-71.2356,42.3765,"Waltham, MA",-71.2356,42.3765,,Waltham High School,"Northfield, VT",-72.6573,44.1503,1903,B.S. from Norwich University,"Cambridge, MA",-71.1097,42.3736,1903-1904,Massachusetts Institute of Technology,"Groton, MA",-71.574,42.6112,1904-1905,"Instructor at Lawrence Academy, Groton, Mass.",,,,,,,,,,,"New Haven, CT",-72.9279,41.3083,1905-1907,"Yale Forest School, M.F. degree, Class of 1907",[NEEDS REVIEW] United States,-77.0369,38.9072,,"Forest assistant, later assistant chief of state cooperation; Rocky Mountain and eastern silvical/woodlot work","Durham, NH",-70.9264,43.1339,since 1911,"Professor of forestry, New Hampshire State College; forester of the State Agricultural Experiment Station",,,,,,,,,,,,,,,,,,,,,,,,,,,,,,,,,,,,1907 (M.F.)
Bartle T. Harvey,Y,"Fayetteville, AR",-94.1574,36.0626,"Orono, ME",-68.6722,44.8834,,Orono High School,"Orono, ME",-68.6722,44.8834,1905,B.S. from the University of Maine,,,,,,,,,,,,,,,,,,,,,"New Haven, CT",-72.9279,41.3083,1905-1907,"Yale Forest School, M.F. degree, Class of 1907","Bangor, ME",-68.7712,44.8016,,"Forester of the Great Northern Paper Company of Bangor, Maine; forest assistant in the U.S. Forest Service","Portland, OR",-122.6765,45.5231,since 1912,"Entomological assistant, U.S. Bureau of Entomology, Portland, Ore.",,,,,,,,,,,,,,,,,,,,,,,,,,,,,,,,,,,,1907 (M.F.)
Charles S. Judd,Y,"Honolulu, Hawaii",-157.8583,21.3069,"New Haven, CT",-72.9279,41.3083,1905,Graduated from Yale College,"Honolulu, Hawaii",-157.8583,21.3069,1906,"Board of Commissioners of Agriculture and Forestry, Territory of Hawaii (growth/volume measurements)",,,,,,,,,,,,,,,,,,,,,"New Haven, CT",-72.9279,41.3083,1905-1907,"Yale Forest School, M.F. degree, Class of 1907","[NEEDS REVIEW - RESEARCHED] Susanville, CA",-120.652,40.4163,1907-1908,"Forest assistant in management; stationed on the Diamond Mountain Forest, California","Washington, DC",-77.0369,38.9072,1908,Called to the Washington office (timber sale policy),"Portland, OR",-122.6765,45.5231,1908-1911,"Assistant chief of silviculture, district office at Portland; inspecting forests in Washington and Oregon","Honolulu, Hawaii",-157.8583,21.3069,1911-1912,"Commissioner of public lands; president and executive officer of the Board of Commissioners of Agriculture and Forestry, Territory of Hawaii","Portland, OR",-122.6765,45.5231,since 1912,"Assistant district forester, District 6, Portland, Ore.",,,,,,,,,,,,,,,,,,,,,1907 (M.F.)
Francis B. Kellogg,Y,"Anaheim, CA",-117.9143,33.8366,"[NEEDS REVIEW - RESEARCHED] San Francisco, CA",-122.4194,37.7749,,Lowell High School and Boone's University Academy,"Berkeley, CA",-122.273,37.8716,1905,B.S. from the University of California,,,,,,,,,,,,,,,,,,,,,"New Haven, CT",-72.9279,41.3083,1905-1907,"Yale Forest School, M.F. degree, Class of 1907",[NEEDS REVIEW] California,-121.4944,38.5816,1907,"Forest assistant, Sierra South National Forest, California; later Rainier Forest, Washington",[NEEDS REVIEW] Oregon,-122.6765,45.5231,,"Timber cruiser for the Department of the Interior, Oregon","Portland, OR",-122.6765,45.5231,since 1907,"Forest assistant in timber sales (District 6); deputy forest supervisor of Cascade National Forest; forest assistant, headquarters at Portland, Ore.",,,,,,,,,,,,,,,,,,,,,,,,,,,,,,,1907 (M.F.)
Kingsley R. MacGuffey,Y,"Cincinnati, OH",-84.512,39.1031,"Watertown, CT",-73.1187,41.6032,,"Taft School, Watertown, Conn.","New Haven, CT",-72.9279,41.3083,1905,Graduated from Yale,,,,,,,,,,,,,,,,,,,,,"New Haven, CT",-72.9279,41.3083,1905-1907,"Yale Forest School, M.F. degree, Class of 1907",[NEEDS REVIEW] Tennessee,-86.7816,36.1627,1907,Forest assistant; study of hickory in Tennessee,"Washington, DC",-77.0369,38.9072,1907,"Stationed in Washington, D. C.","Missoula, MT",-113.994,46.8721,1907-1908,"Forest assistant at Missoula, Mont.","Parkdale, OR",-121.5837,45.5023,since 1909,"President of the Red Cross Orchard Company, Parkdale, Ore.; also Pacific Telephone & Telegraph Company (San Francisco) traffic department from 1913",,,,,,,,,,,,,,,,,,,,,,,,,,1907 (M.F.)
Clyde S. Martin,Y,"Waynesburg, PA",-80.1817,39.8964,"Greencastle, IN",-86.8645,39.6442,1905,B.S. from De Pauw University,,,,,,,,,,,,,,,,,,,,,,,,,,"New Haven, CT",-72.9279,41.3083,1905-1907,"Yale Forest School, M.F. degree, Class of 1907","Tacoma, WA",-122.4443,47.2529,1907-1912,"Weyerhaeuser Timber Company (fire warden, inspector, compassman, timekeeper, logging engineer, trespass man, topographer)","Aberdeen, WA",-123.8157,46.9754,since 1912,"Logging engineer with the Saginaw Timber Company, Aberdeen, Wash.",,,,,,,,,,,,,,,,,,,,,,,,,,,,,,,,,,,,1907 (M.F.)
David T. Mason,Y,"Newark, NJ",-74.1724,40.7357,"Plainfield, NJ",-74.4074,40.6337,,Plainfield (N. J.) High School,"New Brunswick, NJ",-74.4518,40.4862,1905,B.S. from Rutgers College (M.S. 1908),,,,,,,,,,,,,,,,,,,,,"New Haven, CT",-72.9279,41.3083,1905-1907,"Yale Forest School, M.F. degree, Class of 1907",[NEEDS REVIEW] Colorado,-104.9903,39.7392,1907-1908,"Forest assistant, Montezuma National Forest, Colorado, and Washington, D. C.","Washington, DC",-77.0369,38.9072,1908,"Assistant chief of timber sales, Washington, D. C.","Missoula, MT",-113.994,46.8721,1908-1909,"Assistant chief of silviculture, District 1, Missoula, Mont.","Missoula, MT",-113.994,46.8721,1909-1910,"Assistant district forester, District 1, Missoula, Mont.","[NEEDS REVIEW - RESEARCHED] Deer Lodge, MT",-112.73,46.3958,1910-1912,"Forest supervisor, Deerlodge National Forest, Montana","Missoula, MT",-113.994,46.8721,since 1912,"Assistant district forester, District 1, Missoula, Mont.",,,,,,,,,,,,,,,,1907 (M.F.)
Louis S. Murphy,Y,"Boston, MA",-71.0589,42.3601,"Somerville, MA",-71.0995,42.3876,,Forster Grammar School (Somerville) and Boston English High School,"Boston, MA",-71.0589,42.3601,1895-1897,"Clerk in the insurance office of O'Brion & Russell, Boston","Boston, MA",-71.0589,42.3601,1901,B.S. from Tufts College,"Somerville, MA",-71.0995,42.3876,1901-1905,"Chemist in the North Packing & Provision Company of Somerville, Mass.",,,,,,,,,,,"New Haven, CT",-72.9279,41.3083,1905-1907,"Yale Forest School, M.F. degree, Class of 1907",[NEEDS REVIEW] United States,-77.0369,38.9072,1907-1910,Forest assistant in the Service,"Washington, DC",-77.0369,38.9072,since 1910,"Forest examiner, United States Forest Service, Washington, D. C.; Porto Rico forest study 1911-12",,,,,,,,,,,,,,,,,,,,,,,,,,,,,,,,,,,,1907 (M.F.)
Gustave C. Piche,Y,"Montreal, Quebec",-73.5673,45.5017,"Montreal, Quebec",-73.5673,45.5017,1897,Graduated from Mount Saint Louis,"Montreal, Quebec",-73.5673,45.5017,1900-1903,"Clerk on the Canadian Pacific Railway, then in charge of the wood department, Belgo-Canadian Company","Montreal, Quebec",-73.5673,45.5017,1903-1905,Polytechnical School of Montreal,,,,,,,,,,,,,,,,"New Haven, CT",-72.9279,41.3083,1905-1907,"Yale Forest School, M.F. degree, Class of 1907","Quebec, Canada",-71.208,46.8139,since 1907,"Forestry engineer, then chief forestry engineer; chief of the Forest Service and director of the Ecole Forestiere of Quebec (since 1910)",,,,,,,,,,,,,,,,,,,,,,,,,,,,,,,,,,,,,,,,,1907 (M.F.)
Colin C. Robertson,Y,"Haileybury College, England",-0.0167,51.75,"[NEEDS REVIEW - RESEARCHED] Rugby, England",-1.2714,52.37,1902,Rugby School,[NEEDS REVIEW] South Africa,28.12,-25.71,1903-1905,"Forestry Department in Orange Free State, South Africa",,,,,,,,,,,,,,,,,,,,,"New Haven, CT",-72.9279,41.3083,1905-1907,"Yale Forest School, M.F. degree, Class of 1907",[NEEDS REVIEW] South Africa,28.12,-25.71,1907-1912,"Assistant conservator of forests, Orange Free State, South Africa","Pretoria, South Africa",28.1881,-25.7479,since 1912,"Research officer, office of the chief conservator of forests, Pretoria, South Africa",,,,,,,,,,,,,,,,,,,,,,,,,,,,,,,,,,,,1907 (M.F.)
David N. Rogers,Y,"Patten, ME",-68.4486,45.9956,"Patten, ME",-68.4486,45.9956,,Patten Academy,"Orono, ME",-68.6722,44.8834,1906,B.S. from the University of Maine,,,,,,,,,,,,,,,,,,,,,"New Haven, CT",-72.9279,41.3083,1905-1907,"Yale Forest School, M.F. degree, Class of 1907","Quincy, CA",-120.9469,39.9368,since 1907,"Forest assistant, then deputy forest supervisor, then forest supervisor; Plumas National Forest, California, headquarters at Quincy",,,,,,,,,,,,,,,,,,,,,,,,,,,,,,,,,,,,,,,,,1907 (M.F.)
Robert Rosenbluth,Y,"New York City, NY",-74.006,40.7128,"Philadelphia, PA",-75.1652,39.9526,1903,Graduated from Philadelphia High,"[NEEDS REVIEW - RESEARCHED] State College, PA",-77.86,40.7934,,Special in agriculture at Pennsylvania State College,"Mont Alto, PA",-77.5544,39.8401,,"Forest Academy at Mount Alto, Pa.",,,,,,,,,,,,,,,,"New Haven, CT",-72.9279,41.3083,1905-1907,"Yale Forest School, M.F. degree, Class of 1907",[NEEDS REVIEW] Philippine Islands,120.9842,14.5995,1907,"Forest assistant; forester in the Bureau of Forestry, Philippine Islands",[NEEDS REVIEW] United States,-77.0369,38.9072,1910-1911,Forest assistant in the Service,"Albany, NY",-73.7562,42.6526,since 1911,"State forester, then director of forest investigations, Conservation Commission of New York State",,,,,,,,,,,,,,,,,,,,,,,,,,,,,,,1907 (M.F.)
Alfred Senn,Y,"Bennwye, Switzerland",7.7,47.45,[NEEDS REVIEW] Switzerland,7.45,46.75,1881,Graduated at the Swiss French College,[NEEDS REVIEW] Switzerland,7.45,46.75,,Lumber business in Switzerland,,,,,,,,,,,,,,,,,,,,,"New Haven, CT",-72.9279,41.3083,1905-1907,"Yale Forest School, M.F. degree, Class of 1907",[NEEDS REVIEW] United States,-77.0369,38.9072,,Planting agent in the U.S. Forest Service,[NEEDS REVIEW] Wisconsin,-89.4012,43.0731,,Forester for a private party in northern Wisconsin,"Milwaukee, WI",-87.9065,43.0389,since 1911,"Park forester, Board of Park Commissioners of Milwaukee, Wis.",,,,,,,,,,,,,,,,,,,,,,,,,,,,,,,1907 (M.F.)
William C. Shepard,Y,"Ogdensburg, NY",-75.486,44.6942,"Washington, DC",-77.0369,38.9072,,"High schools in Washington, D. C.","Ithaca, NY",-76.5019,42.444,1901-1903,Cornell Forestry School (left 1903 when discontinued); F.E. at Cornell 1907,[NEEDS REVIEW] West Virginia,-81.6326,38.3498,,Two years with a lumber company in West Virginia,,,,,,,,,,,,,,,,"New Haven, CT",-72.9279,41.3083,1905-1907,"Yale Forest School, M.F. degree, Class of 1907","[NEEDS REVIEW - RESEARCHED] Philadelphia, PA",-75.1652,39.9526,1907-1909,"Forest assistant, then assistant forester, Pennsylvania Railroad Company","Berlin, CT",-72.7257,41.6206,since 1909,"Managing a farm in Berlin, Conn.",,,,,,,,,,,,,,,,,,,,,,,,,,,,,,,,,,,,1907 (M.F.)
Charles P. Wilber,Y,"New Brunswick, NJ",-74.4518,40.4862,"New Brunswick, NJ",-74.4518,40.4862,,Rutgers Preparatory School,"New Brunswick, NJ",-74.4518,40.4862,1905,B.A. (1905) and M.A. (1908) from Rutgers College,,,,,,,,,,,,,,,,,,,,,"New Haven, CT",-72.9279,41.3083,1905-1907,"Yale Forest School, M.F. degree, Class of 1907",[NEEDS REVIEW] West Virginia,-81.6326,38.3498,1907-1908,William M. Ritter Lumber Company of West Virginia,[NEEDS REVIEW] United States,-77.0369,38.9072,1908-1910,"Forest assistant, District 4, United States Forest Service","Trenton, NJ",-74.7429,40.2171,since 1910,"New Jersey state fire warden, New Jersey Forest Commission",,,,,,,,,,,,,,,,,,,,,,,,,,,,,,,1907 (M.F.)
Hugo Winkenwerder,Y,"Watertown, WI",-88.729,43.1947,"Watertown, WI",-88.729,43.1947,,"Northwestern University, Watertown, Wis.","Madison, WI",-89.4012,43.0731,1902,B.S. from the University of Wisconsin,"Sheboygan, WI",-87.7145,43.7508,,"Taught botany and physiography in the high school in Sheboygan, Wis.",,,,,,,,,,,,,,,,"New Haven, CT",-72.9279,41.3083,1905-1907,"Yale Forest School, M.F. degree, Class of 1907",[NEEDS REVIEW] United States,-77.0369,38.9072,,Forest assistant in the U.S. Forest Service,"Colorado Springs, CO",-104.8214,38.8339,,Assistant professor of forestry at Colorado College,"Seattle, WA",-122.3321,47.6062,since 1912,"Dean of the College of Forestry, University of Washington (associate professor earlier)",,,,,,,,,,,,,,,,,,,,,,,,,,,,,,,1907 (M.F.)
Edward S. Woodruff,Y,"New York City, NY",-74.006,40.7128,"[NEEDS REVIEW - RESEARCHED] Andover, MA",-71.1361,42.6587,1899,Phillips (Andover) Academy; graduated from Yale College 1899,"[NEEDS REVIEW - RESEARCHED] Baltimore, MD",-76.6122,39.2904,,"Biological study, Graduate Department of Johns Hopkins University","New York City, NY",-74.006,40.7128,,Short period with an investment firm in New York City,,,,,,,,,,,,,,,,"New Haven, CT",-72.9279,41.3083,1905-1907,"Yale Forest School, M.F. degree, Class of 1907","Litchfield, CT",-73.1887,41.747,since 1907,"State forester of New York; reforestation in the Adirondacks; research in botany, entomology and ornithology around Litchfield, Conn.",,,,,,,,,,,,,,,,,,,,,,,,,,,,,,,,,,,,,,,,,"1907 (M.F., deceased 1909)"
William Winter,Y,"Indianapolis, IN",-86.1581,39.7684,"Concord, NH",-71.5376,43.2081,,St. Paul's School (Concord) and Hotchkiss School (Lakeville),"Cambridge, MA",-71.1097,42.3736,1899-1900,Massachusetts Institute of Technology,,,,,,,,,,,,,,,,,,,,,"New Haven, CT",-72.9279,41.3083,,"Yale Forest School (certificate, not degree), Class of 1907",[NEEDS REVIEW] Louisiana,-91.144,30.4571,1907,"Foreman for the Gulf Lumber Company, Louisiana","[NEEDS REVIEW - RESEARCHED] Palmer Falls, NY",-73.8,43.3,1907-1908,"International Paper Company of Palmer Falls, N. Y.",[NEEDS REVIEW] United States,-77.0369,38.9072,1908-1910,"Land examiner, then forest assistant, U.S. Forest Service","Philadelphia, PA",-75.1652,39.9526,1910-1911,"Civil engineer, firm of Albright & Mebus, Philadelphia, Pa.","Indianapolis, IN",-86.1581,39.7684,since 1911,"Attorney-at-law, firm of Winter & Hendricks, Indianapolis, Ind.",,,,,,,,,,,,,,,,,,,,,"1907 (Certificate, not degree)"
J. Franklin Bruins,N,"Brandon, WI",-88.7834,43.7344,"Ripon, WI",-88.8359,43.8422,,Ripon College,"Beloit, WI",-89.0317,42.5083,1905,B.A. from Beloit College,,,,,,,,,,,,,,,,,,,,,"New Haven, CT",-72.9279,41.3083,,"Yale Forest School (non-graduate), Class of 1907","[NEEDS REVIEW - RESEARCHED] Island Park, ID",-111.37,44.4167,1906-1907,"Forest assistant; Old Henry's Lake, Idaho (timber sale work)","Washington, DC",-77.0369,38.9072,1907,Washington office of the Service as district forester,"[NEEDS REVIEW - RESEARCHED] Leadville, CO",-106.2934,39.2508,1907-1909,"Leadville National Forest, Colorado (administrative work)","[NEEDS REVIEW - RESEARCHED] St. Anthony, ID",-111.6817,43.9648,1909,"Deputy supervisor, Targhee National Forest","Pocatello, ID",-112.4455,42.8713,since 1909,"Deputy forest supervisor, then forest supervisor (since Oct. 1910), Pocatello, Idaho",,,,,,,,,,,,,,,,,,,,,1907 (Non-Graduate)
Harrison DeW. Burrall,N,"Battle Creek, MI",-85.1797,42.3211,"[NEEDS REVIEW - RESEARCHED] Lawrenceville, NJ",-74.6728,40.2797,,Lawrenceville School,"[NEEDS REVIEW - RESEARCHED] Asheville, NC",-82.5515,35.5951,,"Biltmore, N. C.; summers as compass man on timber estimates",,,,,,,,,,,,,,,,,,,,,"New Haven, CT",-72.9279,41.3083,,"Yale Forest School (non-graduate), Class of 1907","[NEEDS REVIEW - RESEARCHED] Las Vegas, NM",-105.3722,35.6197,,"Forest examiner in charge of Las Gallinas Nursery, Pecos National Forest, New Mexico; forest assistant previously; district headquarters Albuquerque, N. Mex.",,,,,,,,,,,,,,,,,,,,,,,,,,,,,,,,,,,,,,,,,1907 (Non-Graduate)
Charles H. Flory,N,"Arcanum, OH",-84.555,39.9892,"Arcanum, OH",-84.555,39.9892,,"High school in Arcanum, Ohio","[NEEDS REVIEW - RESEARCHED] Columbus, OH",-82.9988,39.9612,1905,B.S. from Ohio State University,,,,,,,,,,,,,,,,,,,,,"New Haven, CT",-72.9279,41.3083,,"Yale Forest School (non-graduate), Class of 1907",[NEEDS REVIEW] United States,-77.0369,38.9072,1906-1908,Forest assistant in the Service,[NEEDS REVIEW] United States,-77.0369,38.9072,1908,Forest supervisor,"Portland, OR",-122.6765,45.5231,since 1908,"Assistant district forester in charge of operation, District 6, Portland, Ore.",,,,,,,,,,,,,,,,,,,,,,,,,,,,,,,1907 (Non-Graduate)
James L. Grimes,N,"Pittsburgh, PA",-79.9959,40.4406,"Pittsburgh, PA",-79.9959,40.4406,,Pittsburgh Academy,"Princeton, NJ",-74.6672,40.3573,1905,B.S. from Princeton University,,,,,,,,,,,,,,,,,,,,,"New Haven, CT",-72.9279,41.3083,,"Yale Forest School (non-graduate), Class of 1907","Pittsburgh, PA",-79.9959,40.4406,1908-1909,"Teacher at Shady Side Academy, Pittsburgh; member of the Tree Commission of Pittsburgh","Pittsburgh, PA",-79.9959,40.4406,since 1910,"City forester of Pittsburgh, Pa.",,,,,,,,,,,,,,,,,,,,,,,,,,,,,,,,,,,,1907 (Non-Graduate)
Burt P. Kirkland,N,"Silver Creek, NY",-79.167,42.5434,"[NEEDS REVIEW - RESEARCHED] Forestville, NY",-79.167,42.4667,,Forestville (N. Y.) High School,"Ithaca, NY",-76.5019,42.444,1905,B.A. from Cornell University,,,,,,,,,,,,,,,,,,,,,"New Haven, CT",-72.9279,41.3083,,"Yale Forest School (non-graduate), Class of 1907",[NEEDS REVIEW] United States,-77.0369,38.9072,1906-1908,Forest assistant in the Service,[NEEDS REVIEW] United States,-77.0369,38.9072,1908-1912,Forest supervisor,"Seattle, WA",-122.3321,47.6062,since 1912,"Associate professor of forestry, University of Washington, Seattle, Wash.",,,,,,,,,,,,,,,,,,,,,,,,,,,,,,,1907 (Non-Graduate)
Robinson M. MacMurray,N,"Brooklyn, NY",-73.9442,40.6782,"Brooklyn, NY",-73.9442,40.6782,,"Adelphi Academy, Brooklyn","Worcester, MA",-71.8023,42.2626,,Worcester High School,,,,,,,,,,,,,,,,,,,,,"New Haven, CT",-72.9279,41.3083,,"Yale Forest School (non-graduate), Class of 1907","Helena, MT",-112.0361,46.5927,,"Timber inspector for the Northern Pacific Railroad; field representative, Montana State Land Exchange, Helena, Mont.",,,,,,,,,,,,,,,,,,,,,,,,,,,,,,,,,,,,,,,,,1907 (Non-Graduate)
F. Van Thompson,N,"[NEEDS REVIEW] Marcellus, NY",-76.3402,42.9826,,,,,,,,,,,,,,,,,,,,,,,,,,,,,,,"New Haven, CT",-72.9279,41.3083,,"Yale Forest School (non-graduate), Class of 1907","Albany, NY",-73.7562,42.6526,,"Stenographer for the State Hospital Commission at Albany, N. Y.",,,,,,,,,,,,,,,,,,,,,,,,,,,,,,,,,,,,,,,,,1907 (Non-Graduate)
Charles M. Walker,N,"South Amherst, MA",-72.5126,42.3732,"Amherst, MA",-72.5199,42.3732,,Amherst (Mass.) High School,"Amherst, MA",-72.5199,42.3732,1899,B.S. at the Massachusetts Agricultural College,,,,,,,,,,,,,,,,,,,,,"New Haven, CT",-72.9279,41.3083,,"Yale Forest School (non-graduate), Class of 1907","New York City, NY",-74.006,40.7128,,"In charge of lantern slides with Charles Beseler & Company, dealers in stereopticons, New York City",,,,,,,,,,,,,,,,,,,,,,,,,,,,,,,,,,,,,,,,,1907 (Non-Graduate)
E. LeVerne Wood,N,"[NEEDS REVIEW] Barceloneta, Porto Rico",-66.5385,18.4517,,,,,,,,,,,,,,,,,,,,,,,,,,,,,,,"New Haven, CT",-72.9279,41.3083,,"Yale Forest School (non-graduate), Class of 1907","Barceloneta, Porto Rico",-66.5385,18.4517,,Growing citrus fruit in Porto Rico,,,,,,,,,,,,,,,,,,,,,,,,,,,,,,,,,,,,,,,,,1907 (Non-Graduate)